Workbook

Sheet 盘货信息
A1: ID | B1: SKUID | C1: 型号 | D1: 细分品类 | E1: 到手价 | F1: 最低保价到手价 | G1: 是否参加焕新补贴-真国补 | H1: 自补补全国-最新 | I1: 88vip立减 | J1: 优惠券-明券 | K1: 以旧换新 | L1: 限时补贴 | M1: 主图打标额度 | N1: 焕新补贴&以旧换新到手价-客服话术 卡萨帝型号为88vip用户到手价 | O1: 客服权益-客服暗券 （首响话术透出，领券链接做进话术，与店铺任何优惠券不叠加，包括直播券、商品券、店铺券、淘客券，话术漏出金额大的券） | P1: 客服端券链接 | Q1: 会员红包 | R1: 优惠券（金额） | S1: 赠品 | T1: 瓜分 | U1: 持续玩法-跨品类折扣 | V1: 分期免息（X期） | W1: 价保 | X1: 持续玩法-领券 | Y1: 淘客券 | Z1: 优惠券短链

Sheet 固定信息
A1: 分隔符 | B1: —————————————
A2: 活动氛围
A3: 活动时间
A4: 产业
A5: 1元预约链接
A6: 消费券链接
A7: 瓜分信息

Sheet 促销信息
A1: =IF(盘货信息!A1="","",盘货信息!A1) -> ID | B1: =IF(盘货信息!B1="","",盘货信息!B1) -> SKUID | C1: =IF(盘货信息!C1="","",盘货信息!C1) -> 型号 | D1: 促销信息 | E1: 活动氛围 | F1: 型号+产业 | G1: 活动时间 | H1: 分割线 | I1: 1元预约 | J1: 价格 | K1: 优惠券（金额） | L1: 分割线 | M1: 客服暗券 | N1: 88vip95折 | O1: 以旧换新 | P1: 赠品 | Q1: 分割线 | R1: 跨品折扣 | S1: 会员全店红包 | T1: 瓜分 | U1: 分割线 | V1: 服务
A2: =IF(盘货信息!A2="","",盘货信息!A2) | B2: =IF(盘货信息!B2="","",盘货信息!B2) | C2: =IF(盘货信息!C2="","",盘货信息!C2) | D2: =_xlfn.TEXTJOIN(CHAR(10),TRUE,OFFSET(INDIRECT("RC",FALSE),0,1,1,30)) | E2: =IF(C2="","",固定信息!$B$2) | F2: {=IF(C2="","","【"&C2&"】"&_xlfn.XLOOKUP(A2&B2&C2,盘货信息!$A:$A&盘货信息!$B:$B&盘货信息!$C:$C,盘货信息!$D:$D))} | G2: =IF(C2="","","【"&"活动时间："&固定信息!$B$3&"】") | H2: =IF($C2="","",固定信息!$B$1) | J2: {=_xlfn.XLOOKUP(A2&B2&C2,价格信息!$A:$A&价格信息!$B:$B&价格信息!$C:$C,价格信息!$D:$D)} | K2: {=IF(_xlfn.XLOOKUP(A2&B2&C2,价格信息!$A:$A&价格信息!$B:$B&价格信息!$C:$C,价格信息!$I:$I)="","","【优惠券链接】"&固定信息!$B$6)} | L2: =IF($C2="","",固定信息!$B$1) | M2: {=IF(_xlfn.XLOOKUP(A2&B2&C2,盘货信息!$A:$A&盘货信息!$B:$B&盘货信息!$C:$C,盘货信息!$O:$O)="","","【优惠券】领"&INDEX(_wpsfn.REGEXP(_xlfn.XLOOKUP(A2&B2&C2,盘货信息!$A:$A&盘货信息!$B:$B&盘货信息!$C:$C,盘货信息!$O:$O),"\d+"),1,1)&"元优惠券下单更优惠，优惠卷："&_xlfn.XLOOKUP(A2&B2&C2,盘货信息!$A:$A&盘货信息!$B:$B&盘货信息!$C:$C,盘货信息!$P:$P))} | N2: {=IF(AND(ISNUMBER(_xlfn.XLOOKUP(A2&B2&C2,盘货信息!$A:$A&盘货信息!$B:$B&盘货信息!$C:$C,盘货信息!$I:$I)),_xlfn.XLOOKUP(A2&B2&C2,盘货信息!$A:$A&盘货信息!$B:$B&盘货信息!$C:$C,盘货信息!$I:$I)>1),"【88VIP】立减"&_xlfn.XLOOKUP(A2&B2&C2,盘货信息!$A:$A&盘货信息!$B:$B&盘货信息!$C:$C,盘货信息!$I:$I)&"元","")} | O2: {=IF(_xlfn.XLOOKUP(A2&B2&C2,盘货信息!$A:$A&盘货信息!$B:$B&盘货信息!$C:$C,盘货信息!$K:$K)="","",IF(AND(_xlfn.XLOOKUP(A2&B2&C2,盘货信息!$A:$A&盘货信息!$B:$B&盘货信息!$C:$C,盘货信息!$G:$G)="不参加",_xlfn.XLOOKUP(A2&B2&C2,盘货信息!$A:$A&盘货信息!$B:$B&盘货信息!$C:$C,盘货信息!$H:$H)=""),"【以旧换新】"&_xlfn.XLOOKUP(A2&B2&C2,盘货信息!$A:$A&盘货信息!$B:$B&盘货信息!$C:$C,盘货信息!$K:$K)&"元以旧换新补贴（可无旧机换新）",""))} | P2: {=_xlfn.XLOOKUP(A2&B2&C2,赠品!$A:$A&赠品!$B:$B&赠品!$C:$C,赠品!$D:$D)} | Q2: =IF($C2="","",IF(AND(M2="",N2="",P2=""),"",固定信息!$B$1)) | R2: {=IF(ISNUMBER(SEARCH("是",_xlfn.XLOOKUP(A2&B2&C2,盘货信息!$A:$A&盘货信息!$B:$B&盘货信息!$C:$C,盘货信息!$U:$U))),"【折扣】指定型号满2类享96折，满3类享94折","")} | S2: {=IF(_xlfn.XLOOKUP(A2&B2&C2,盘货信息!$A:$A&盘货信息!$B:$B&盘货信息!$C:$C,盘货信息!$Q:$Q)<1,"","【红包】活动时间购机送"&_xlfn.TEXTJOIN("",,IF(ISNUMBER(--MID(_xlfn.XLOOKUP(A2&B2&C2,盘货信息!$A:$A&盘货信息!$B:$B&盘货信息!$C:$C,盘货信息!$Q:$Q),_xlfn.SEQUENCE(LEN(_xlfn.XLOOKUP(A2&B2&C2,盘货信息!$A:$A&盘货信息!$B:$B&盘货信息!$C:$C,盘货信息!$Q:$Q))),1)),MID(_xlfn.XLOOKUP(A2&B2&C2,盘货信息!$A:$A&盘货信息!$B:$B&盘货信息!$C:$C,盘货信息!$Q:$Q),_xlfn.SEQUENCE(LEN(_xlfn.XLOOKUP(A2&B2&C2,盘货信息!$A:$A&盘货信息!$B:$B&盘货信息!$C:$C,盘货信息!$Q:$Q))),1),""))&"元")} | T2: {=IF(ISNUMBER(SEARCH("是",_xlfn.XLOOKUP(A2&B2&C2,盘货信息!$A:$A&盘货信息!$B:$B&盘货信息!$C:$C,盘货信息!$T:$T))),"【瓜分】"&固定信息!$B$7,"")} | U2: =IF($C2="","",IF(AND(R2="",S2="",T2=""),"",固定信息!$B$1)) | V2: {=IF(C2="","","【服务】"&IF(_xlfn.XLOOKUP(A2&B2&C2,盘货信息!$A:$A&盘货信息!$B:$B&盘货信息!$C:$C,盘货信息!$V:$V)="","",_xlfn.XLOOKUP(A2&B2&C2,盘货信息!$A:$A&盘货信息!$B:$B&盘货信息!$C:$C,盘货信息!$V:$V)&"免息,")&IF(_xlfn.XLOOKUP(A2&B2&C2,盘货信息!$A:$A&盘货信息!$B:$B&盘货信息!$C:$C,盘货信息!$W:$W)="","",_xlfn.XLOOKUP(A2&B2&C2,盘货信息!$A:$A&盘货信息!$B:$B&盘货信息!$C:$C,盘货信息!$W:$W)&"，")&"送货入户，退换免运费")}
A3: =IF(盘货信息!A3="","",盘货信息!A3) | B3: =IF(盘货信息!B3="","",盘货信息!B3) | C3: =IF(盘货信息!C3="","",盘货信息!C3) | D3: =_xlfn.TEXTJOIN(CHAR(10),TRUE,OFFSET(INDIRECT("RC",FALSE),0,1,1,30)) | E3: =IF(C3="","",固定信息!$B$2) | F3: {=IF(C3="","","【"&C3&"】"&_xlfn.XLOOKUP(A3&B3&C3,盘货信息!$A:$A&盘货信息!$B:$B&盘货信息!$C:$C,盘货信息!$D:$D))} | G3: =IF(C3="","","【"&"活动时间："&固定信息!$B$3&"】") | H3: =IF($C3="","",固定信息!$B$1) | J3: {=_xlfn.XLOOKUP(A3&B3&C3,价格信息!$A:$A&价格信息!$B:$B&价格信息!$C:$C,价格信息!$D:$D)} | K3: {=IF(_xlfn.XLOOKUP(A3&B3&C3,价格信息!$A:$A&价格信息!$B:$B&价格信息!$C:$C,价格信息!$I:$I)="","","【优惠券链接】"&固定信息!$B$6)} | L3: =IF($C3="","",固定信息!$B$1) | M3: {=IF(_xlfn.XLOOKUP(A3&B3&C3,盘货信息!$A:$A&盘货信息!$B:$B&盘货信息!$C:$C,盘货信息!$O:$O)="","","【优惠券】领"&INDEX(_wpsfn.REGEXP(_xlfn.XLOOKUP(A3&B3&C3,盘货信息!$A:$A&盘货信息!$B:$B&盘货信息!$C:$C,盘货信息!$O:$O),"\d+"),1,1)&"元优惠券下单更优惠，优惠卷："&_xlfn.XLOOKUP(A3&B3&C3,盘货信息!$A:$A&盘货信息!$B:$B&盘货信息!$C:$C,盘货信息!$P:$P))} | N3: {=IF(AND(ISNUMBER(_xlfn.XLOOKUP(A3&B3&C3,盘货信息!$A:$A&盘货信息!$B:$B&盘货信息!$C:$C,盘货信息!$I:$I)),_xlfn.XLOOKUP(A3&B3&C3,盘货信息!$A:$A&盘货信息!$B:$B&盘货信息!$C:$C,盘货信息!$I:$I)>1),"【88VIP】立减"&_xlfn.XLOOKUP(A3&B3&C3,盘货信息!$A:$A&盘货信息!$B:$B&盘货信息!$C:$C,盘货信息!$I:$I)&"元","")} | O3: {=IF(_xlfn.XLOOKUP(A3&B3&C3,盘货信息!$A:$A&盘货信息!$B:$B&盘货信息!$C:$C,盘货信息!$K:$K)="","",IF(AND(_xlfn.XLOOKUP(A3&B3&C3,盘货信息!$A:$A&盘货信息!$B:$B&盘货信息!$C:$C,盘货信息!$G:$G)="不参加",_xlfn.XLOOKUP(A3&B3&C3,盘货信息!$A:$A&盘货信息!$B:$B&盘货信息!$C:$C,盘货信息!$H:$H)=""),"【以旧换新】"&_xlfn.XLOOKUP(A3&B3&C3,盘货信息!$A:$A&盘货信息!$B:$B&盘货信息!$C:$C,盘货信息!$K:$K)&"元以旧换新补贴（可无旧机换新）",""))} | P3: {=_xlfn.XLOOKUP(A3&B3&C3,赠品!$A:$A&赠品!$B:$B&赠品!$C:$C,赠品!$D:$D)} | Q3: =IF($C3="","",IF(AND(M3="",N3="",P3=""),"",固定信息!$B$1)) | R3: {=IF(ISNUMBER(SEARCH("是",_xlfn.XLOOKUP(A3&B3&C3,盘货信息!$A:$A&盘货信息!$B:$B&盘货信息!$C:$C,盘货信息!$U:$U))),"【折扣】指定型号满2类享96折，满3类享94折","")} | S3: {=IF(_xlfn.XLOOKUP(A3&B3&C3,盘货信息!$A:$A&盘货信息!$B:$B&盘货信息!$C:$C,盘货信息!$Q:$Q)<1,"","【红包】活动时间购机送"&_xlfn.TEXTJOIN("",,IF(ISNUMBER(--MID(_xlfn.XLOOKUP(A3&B3&C3,盘货信息!$A:$A&盘货信息!$B:$B&盘货信息!$C:$C,盘货信息!$Q:$Q),_xlfn.SEQUENCE(LEN(_xlfn.XLOOKUP(A3&B3&C3,盘货信息!$A:$A&盘货信息!$B:$B&盘货信息!$C:$C,盘货信息!$Q:$Q))),1)),MID(_xlfn.XLOOKUP(A3&B3&C3,盘货信息!$A:$A&盘货信息!$B:$B&盘货信息!$C:$C,盘货信息!$Q:$Q),_xlfn.SEQUENCE(LEN(_xlfn.XLOOKUP(A3&B3&C3,盘货信息!$A:$A&盘货信息!$B:$B&盘货信息!$C:$C,盘货信息!$Q:$Q))),1),""))&"元")} | T3: {=IF(ISNUMBER(SEARCH("是",_xlfn.XLOOKUP(A3&B3&C3,盘货信息!$A:$A&盘货信息!$B:$B&盘货信息!$C:$C,盘货信息!$T:$T))),"【瓜分】"&固定信息!$B$7,"")} | U3: =IF($C3="","",IF(AND(R3="",S3="",T3=""),"",固定信息!$B$1)) | V3: {=IF(C3="","","【服务】"&IF(_xlfn.XLOOKUP(A3&B3&C3,盘货信息!$A:$A&盘货信息!$B:$B&盘货信息!$C:$C,盘货信息!$V:$V)="","",_xlfn.XLOOKUP(A3&B3&C3,盘货信息!$A:$A&盘货信息!$B:$B&盘货信息!$C:$C,盘货信息!$V:$V)&"免息,")&IF(_xlfn.XLOOKUP(A3&B3&C3,盘货信息!$A:$A&盘货信息!$B:$B&盘货信息!$C:$C,盘货信息!$W:$W)="","",_xlfn.XLOOKUP(A3&B3&C3,盘货信息!$A:$A&盘货信息!$B:$B&盘货信息!$C:$C,盘货信息!$W:$W)&"，")&"送货入户，退换免运费")}
A4: =IF(盘货信息!A4="","",盘货信息!A4) | B4: =IF(盘货信息!B4="","",盘货信息!B4) | C4: =IF(盘货信息!C4="","",盘货信息!C4) | D4: =_xlfn.TEXTJOIN(CHAR(10),TRUE,OFFSET(INDIRECT("RC",FALSE),0,1,1,30)) | E4: =IF(C4="","",固定信息!$B$2) | F4: {=IF(C4="","","【"&C4&"】"&_xlfn.XLOOKUP(A4&B4&C4,盘货信息!$A:$A&盘货信息!$B:$B&盘货信息!$C:$C,盘货信息!$D:$D))} | G4: =IF(C4="","","【"&"活动时间："&固定信息!$B$3&"】") | H4: =IF($C4="","",固定信息!$B$1) | J4: {=_xlfn.XLOOKUP(A4&B4&C4,价格信息!$A:$A&价格信息!$B:$B&价格信息!$C:$C,价格信息!$D:$D)} | K4: {=IF(_xlfn.XLOOKUP(A4&B4&C4,价格信息!$A:$A&价格信息!$B:$B&价格信息!$C:$C,价格信息!$I:$I)="","","【优惠券链接】"&固定信息!$B$6)} | L4: =IF($C4="","",固定信息!$B$1) | M4: {=IF(_xlfn.XLOOKUP(A4&B4&C4,盘货信息!$A:$A&盘货信息!$B:$B&盘货信息!$C:$C,盘货信息!$O:$O)="","","【优惠券】领"&INDEX(_wpsfn.REGEXP(_xlfn.XLOOKUP(A4&B4&C4,盘货信息!$A:$A&盘货信息!$B:$B&盘货信息!$C:$C,盘货信息!$O:$O),"\d+"),1,1)&"元优惠券下单更优惠，优惠卷："&_xlfn.XLOOKUP(A4&B4&C4,盘货信息!$A:$A&盘货信息!$B:$B&盘货信息!$C:$C,盘货信息!$P:$P))} | N4: {=IF(AND(ISNUMBER(_xlfn.XLOOKUP(A4&B4&C4,盘货信息!$A:$A&盘货信息!$B:$B&盘货信息!$C:$C,盘货信息!$I:$I)),_xlfn.XLOOKUP(A4&B4&C4,盘货信息!$A:$A&盘货信息!$B:$B&盘货信息!$C:$C,盘货信息!$I:$I)>1),"【88VIP】立减"&_xlfn.XLOOKUP(A4&B4&C4,盘货信息!$A:$A&盘货信息!$B:$B&盘货信息!$C:$C,盘货信息!$I:$I)&"元","")} | O4: {=IF(_xlfn.XLOOKUP(A4&B4&C4,盘货信息!$A:$A&盘货信息!$B:$B&盘货信息!$C:$C,盘货信息!$K:$K)="","",IF(AND(_xlfn.XLOOKUP(A4&B4&C4,盘货信息!$A:$A&盘货信息!$B:$B&盘货信息!$C:$C,盘货信息!$G:$G)="不参加",_xlfn.XLOOKUP(A4&B4&C4,盘货信息!$A:$A&盘货信息!$B:$B&盘货信息!$C:$C,盘货信息!$H:$H)=""),"【以旧换新】"&_xlfn.XLOOKUP(A4&B4&C4,盘货信息!$A:$A&盘货信息!$B:$B&盘货信息!$C:$C,盘货信息!$K:$K)&"元以旧换新补贴（可无旧机换新）",""))} | P4: {=_xlfn.XLOOKUP(A4&B4&C4,赠品!$A:$A&赠品!$B:$B&赠品!$C:$C,赠品!$D:$D)} | Q4: =IF($C4="","",IF(AND(M4="",N4="",P4=""),"",固定信息!$B$1)) | R4: {=IF(ISNUMBER(SEARCH("是",_xlfn.XLOOKUP(A4&B4&C4,盘货信息!$A:$A&盘货信息!$B:$B&盘货信息!$C:$C,盘货信息!$U:$U))),"【折扣】指定型号满2类享96折，满3类享94折","")} | S4: {=IF(_xlfn.XLOOKUP(A4&B4&C4,盘货信息!$A:$A&盘货信息!$B:$B&盘货信息!$C:$C,盘货信息!$Q:$Q)<1,"","【红包】活动时间购机送"&_xlfn.TEXTJOIN("",,IF(ISNUMBER(--MID(_xlfn.XLOOKUP(A4&B4&C4,盘货信息!$A:$A&盘货信息!$B:$B&盘货信息!$C:$C,盘货信息!$Q:$Q),_xlfn.SEQUENCE(LEN(_xlfn.XLOOKUP(A4&B4&C4,盘货信息!$A:$A&盘货信息!$B:$B&盘货信息!$C:$C,盘货信息!$Q:$Q))),1)),MID(_xlfn.XLOOKUP(A4&B4&C4,盘货信息!$A:$A&盘货信息!$B:$B&盘货信息!$C:$C,盘货信息!$Q:$Q),_xlfn.SEQUENCE(LEN(_xlfn.XLOOKUP(A4&B4&C4,盘货信息!$A:$A&盘货信息!$B:$B&盘货信息!$C:$C,盘货信息!$Q:$Q))),1),""))&"元")} | T4: {=IF(ISNUMBER(SEARCH("是",_xlfn.XLOOKUP(A4&B4&C4,盘货信息!$A:$A&盘货信息!$B:$B&盘货信息!$C:$C,盘货信息!$T:$T))),"【瓜分】"&固定信息!$B$7,"")} | U4: =IF($C4="","",IF(AND(R4="",S4="",T4=""),"",固定信息!$B$1)) | V4: {=IF(C4="","","【服务】"&IF(_xlfn.XLOOKUP(A4&B4&C4,盘货信息!$A:$A&盘货信息!$B:$B&盘货信息!$C:$C,盘货信息!$V:$V)="","",_xlfn.XLOOKUP(A4&B4&C4,盘货信息!$A:$A&盘货信息!$B:$B&盘货信息!$C:$C,盘货信息!$V:$V)&"免息,")&IF(_xlfn.XLOOKUP(A4&B4&C4,盘货信息!$A:$A&盘货信息!$B:$B&盘货信息!$C:$C,盘货信息!$W:$W)="","",_xlfn.XLOOKUP(A4&B4&C4,盘货信息!$A:$A&盘货信息!$B:$B&盘货信息!$C:$C,盘货信息!$W:$W)&"，")&"送货入户，退换免运费")}
A5: =IF(盘货信息!A5="","",盘货信息!A5) | B5: =IF(盘货信息!B5="","",盘货信息!B5) | C5: =IF(盘货信息!C5="","",盘货信息!C5) | D5: =_xlfn.TEXTJOIN(CHAR(10),TRUE,OFFSET(INDIRECT("RC",FALSE),0,1,1,30)) | E5: =IF(C5="","",固定信息!$B$2) | F5: {=IF(C5="","","【"&C5&"】"&_xlfn.XLOOKUP(A5&B5&C5,盘货信息!$A:$A&盘货信息!$B:$B&盘货信息!$C:$C,盘货信息!$D:$D))} | G5: =IF(C5="","","【"&"活动时间："&固定信息!$B$3&"】") | H5: =IF($C5="","",固定信息!$B$1) | J5: {=_xlfn.XLOOKUP(A5&B5&C5,价格信息!$A:$A&价格信息!$B:$B&价格信息!$C:$C,价格信息!$D:$D)} | K5: {=IF(_xlfn.XLOOKUP(A5&B5&C5,价格信息!$A:$A&价格信息!$B:$B&价格信息!$C:$C,价格信息!$I:$I)="","","【优惠券链接】"&固定信息!$B$6)} | L5: =IF($C5="","",固定信息!$B$1) | M5: {=IF(_xlfn.XLOOKUP(A5&B5&C5,盘货信息!$A:$A&盘货信息!$B:$B&盘货信息!$C:$C,盘货信息!$O:$O)="","","【优惠券】领"&INDEX(_wpsfn.REGEXP(_xlfn.XLOOKUP(A5&B5&C5,盘货信息!$A:$A&盘货信息!$B:$B&盘货信息!$C:$C,盘货信息!$O:$O),"\d+"),1,1)&"元优惠券下单更优惠，优惠卷："&_xlfn.XLOOKUP(A5&B5&C5,盘货信息!$A:$A&盘货信息!$B:$B&盘货信息!$C:$C,盘货信息!$P:$P))} | N5: {=IF(AND(ISNUMBER(_xlfn.XLOOKUP(A5&B5&C5,盘货信息!$A:$A&盘货信息!$B:$B&盘货信息!$C:$C,盘货信息!$I:$I)),_xlfn.XLOOKUP(A5&B5&C5,盘货信息!$A:$A&盘货信息!$B:$B&盘货信息!$C:$C,盘货信息!$I:$I)>1),"【88VIP】立减"&_xlfn.XLOOKUP(A5&B5&C5,盘货信息!$A:$A&盘货信息!$B:$B&盘货信息!$C:$C,盘货信息!$I:$I)&"元","")} | O5: {=IF(_xlfn.XLOOKUP(A5&B5&C5,盘货信息!$A:$A&盘货信息!$B:$B&盘货信息!$C:$C,盘货信息!$K:$K)="","",IF(AND(_xlfn.XLOOKUP(A5&B5&C5,盘货信息!$A:$A&盘货信息!$B:$B&盘货信息!$C:$C,盘货信息!$G:$G)="不参加",_xlfn.XLOOKUP(A5&B5&C5,盘货信息!$A:$A&盘货信息!$B:$B&盘货信息!$C:$C,盘货信息!$H:$H)=""),"【以旧换新】"&_xlfn.XLOOKUP(A5&B5&C5,盘货信息!$A:$A&盘货信息!$B:$B&盘货信息!$C:$C,盘货信息!$K:$K)&"元以旧换新补贴（可无旧机换新）",""))} | P5: {=_xlfn.XLOOKUP(A5&B5&C5,赠品!$A:$A&赠品!$B:$B&赠品!$C:$C,赠品!$D:$D)} | Q5: =IF($C5="","",IF(AND(M5="",N5="",P5=""),"",固定信息!$B$1)) | R5: {=IF(ISNUMBER(SEARCH("是",_xlfn.XLOOKUP(A5&B5&C5,盘货信息!$A:$A&盘货信息!$B:$B&盘货信息!$C:$C,盘货信息!$U:$U))),"【折扣】指定型号满2类享96折，满3类享94折","")} | S5: {=IF(_xlfn.XLOOKUP(A5&B5&C5,盘货信息!$A:$A&盘货信息!$B:$B&盘货信息!$C:$C,盘货信息!$Q:$Q)<1,"","【红包】活动时间购机送"&_xlfn.TEXTJOIN("",,IF(ISNUMBER(--MID(_xlfn.XLOOKUP(A5&B5&C5,盘货信息!$A:$A&盘货信息!$B:$B&盘货信息!$C:$C,盘货信息!$Q:$Q),_xlfn.SEQUENCE(LEN(_xlfn.XLOOKUP(A5&B5&C5,盘货信息!$A:$A&盘货信息!$B:$B&盘货信息!$C:$C,盘货信息!$Q:$Q))),1)),MID(_xlfn.XLOOKUP(A5&B5&C5,盘货信息!$A:$A&盘货信息!$B:$B&盘货信息!$C:$C,盘货信息!$Q:$Q),_xlfn.SEQUENCE(LEN(_xlfn.XLOOKUP(A5&B5&C5,盘货信息!$A:$A&盘货信息!$B:$B&盘货信息!$C:$C,盘货信息!$Q:$Q))),1),""))&"元")} | T5: {=IF(ISNUMBER(SEARCH("是",_xlfn.XLOOKUP(A5&B5&C5,盘货信息!$A:$A&盘货信息!$B:$B&盘货信息!$C:$C,盘货信息!$T:$T))),"【瓜分】"&固定信息!$B$7,"")} | U5: =IF($C5="","",IF(AND(R5="",S5="",T5=""),"",固定信息!$B$1)) | V5: {=IF(C5="","","【服务】"&IF(_xlfn.XLOOKUP(A5&B5&C5,盘货信息!$A:$A&盘货信息!$B:$B&盘货信息!$C:$C,盘货信息!$V:$V)="","",_xlfn.XLOOKUP(A5&B5&C5,盘货信息!$A:$A&盘货信息!$B:$B&盘货信息!$C:$C,盘货信息!$V:$V)&"免息,")&IF(_xlfn.XLOOKUP(A5&B5&C5,盘货信息!$A:$A&盘货信息!$B:$B&盘货信息!$C:$C,盘货信息!$W:$W)="","",_xlfn.XLOOKUP(A5&B5&C5,盘货信息!$A:$A&盘货信息!$B:$B&盘货信息!$C:$C,盘货信息!$W:$W)&"，")&"送货入户，退换免运费")}
A6: =IF(盘货信息!A6="","",盘货信息!A6) | B6: =IF(盘货信息!B6="","",盘货信息!B6) | C6: =IF(盘货信息!C6="","",盘货信息!C6) | D6: =_xlfn.TEXTJOIN(CHAR(10),TRUE,OFFSET(INDIRECT("RC",FALSE),0,1,1,30)) | E6: =IF(C6="","",固定信息!$B$2) | F6: {=IF(C6="","","【"&C6&"】"&_xlfn.XLOOKUP(A6&B6&C6,盘货信息!$A:$A&盘货信息!$B:$B&盘货信息!$C:$C,盘货信息!$D:$D))} | G6: =IF(C6="","","【"&"活动时间："&固定信息!$B$3&"】") | H6: =IF($C6="","",固定信息!$B$1) | J6: {=_xlfn.XLOOKUP(A6&B6&C6,价格信息!$A:$A&价格信息!$B:$B&价格信息!$C:$C,价格信息!$D:$D)} | K6: {=IF(_xlfn.XLOOKUP(A6&B6&C6,价格信息!$A:$A&价格信息!$B:$B&价格信息!$C:$C,价格信息!$I:$I)="","","【优惠券链接】"&固定信息!$B$6)} | L6: =IF($C6="","",固定信息!$B$1) | M6: {=IF(_xlfn.XLOOKUP(A6&B6&C6,盘货信息!$A:$A&盘货信息!$B:$B&盘货信息!$C:$C,盘货信息!$O:$O)="","","【优惠券】领"&INDEX(_wpsfn.REGEXP(_xlfn.XLOOKUP(A6&B6&C6,盘货信息!$A:$A&盘货信息!$B:$B&盘货信息!$C:$C,盘货信息!$O:$O),"\d+"),1,1)&"元优惠券下单更优惠，优惠卷："&_xlfn.XLOOKUP(A6&B6&C6,盘货信息!$A:$A&盘货信息!$B:$B&盘货信息!$C:$C,盘货信息!$P:$P))} | N6: {=IF(AND(ISNUMBER(_xlfn.XLOOKUP(A6&B6&C6,盘货信息!$A:$A&盘货信息!$B:$B&盘货信息!$C:$C,盘货信息!$I:$I)),_xlfn.XLOOKUP(A6&B6&C6,盘货信息!$A:$A&盘货信息!$B:$B&盘货信息!$C:$C,盘货信息!$I:$I)>1),"【88VIP】立减"&_xlfn.XLOOKUP(A6&B6&C6,盘货信息!$A:$A&盘货信息!$B:$B&盘货信息!$C:$C,盘货信息!$I:$I)&"元","")} | O6: {=IF(_xlfn.XLOOKUP(A6&B6&C6,盘货信息!$A:$A&盘货信息!$B:$B&盘货信息!$C:$C,盘货信息!$K:$K)="","",IF(AND(_xlfn.XLOOKUP(A6&B6&C6,盘货信息!$A:$A&盘货信息!$B:$B&盘货信息!$C:$C,盘货信息!$G:$G)="不参加",_xlfn.XLOOKUP(A6&B6&C6,盘货信息!$A:$A&盘货信息!$B:$B&盘货信息!$C:$C,盘货信息!$H:$H)=""),"【以旧换新】"&_xlfn.XLOOKUP(A6&B6&C6,盘货信息!$A:$A&盘货信息!$B:$B&盘货信息!$C:$C,盘货信息!$K:$K)&"元以旧换新补贴（可无旧机换新）",""))} | P6: {=_xlfn.XLOOKUP(A6&B6&C6,赠品!$A:$A&赠品!$B:$B&赠品!$C:$C,赠品!$D:$D)} | Q6: =IF($C6="","",IF(AND(M6="",N6="",P6=""),"",固定信息!$B$1)) | R6: {=IF(ISNUMBER(SEARCH("是",_xlfn.XLOOKUP(A6&B6&C6,盘货信息!$A:$A&盘货信息!$B:$B&盘货信息!$C:$C,盘货信息!$U:$U))),"【折扣】指定型号满2类享96折，满3类享94折","")} | S6: {=IF(_xlfn.XLOOKUP(A6&B6&C6,盘货信息!$A:$A&盘货信息!$B:$B&盘货信息!$C:$C,盘货信息!$Q:$Q)<1,"","【红包】活动时间购机送"&_xlfn.TEXTJOIN("",,IF(ISNUMBER(--MID(_xlfn.XLOOKUP(A6&B6&C6,盘货信息!$A:$A&盘货信息!$B:$B&盘货信息!$C:$C,盘货信息!$Q:$Q),_xlfn.SEQUENCE(LEN(_xlfn.XLOOKUP(A6&B6&C6,盘货信息!$A:$A&盘货信息!$B:$B&盘货信息!$C:$C,盘货信息!$Q:$Q))),1)),MID(_xlfn.XLOOKUP(A6&B6&C6,盘货信息!$A:$A&盘货信息!$B:$B&盘货信息!$C:$C,盘货信息!$Q:$Q),_xlfn.SEQUENCE(LEN(_xlfn.XLOOKUP(A6&B6&C6,盘货信息!$A:$A&盘货信息!$B:$B&盘货信息!$C:$C,盘货信息!$Q:$Q))),1),""))&"元")} | T6: {=IF(ISNUMBER(SEARCH("是",_xlfn.XLOOKUP(A6&B6&C6,盘货信息!$A:$A&盘货信息!$B:$B&盘货信息!$C:$C,盘货信息!$T:$T))),"【瓜分】"&固定信息!$B$7,"")} | U6: =IF($C6="","",IF(AND(R6="",S6="",T6=""),"",固定信息!$B$1)) | V6: {=IF(C6="","","【服务】"&IF(_xlfn.XLOOKUP(A6&B6&C6,盘货信息!$A:$A&盘货信息!$B:$B&盘货信息!$C:$C,盘货信息!$V:$V)="","",_xlfn.XLOOKUP(A6&B6&C6,盘货信息!$A:$A&盘货信息!$B:$B&盘货信息!$C:$C,盘货信息!$V:$V)&"免息,")&IF(_xlfn.XLOOKUP(A6&B6&C6,盘货信息!$A:$A&盘货信息!$B:$B&盘货信息!$C:$C,盘货信息!$W:$W)="","",_xlfn.XLOOKUP(A6&B6&C6,盘货信息!$A:$A&盘货信息!$B:$B&盘货信息!$C:$C,盘货信息!$W:$W)&"，")&"送货入户，退换免运费")}
A7: =IF(盘货信息!A7="","",盘货信息!A7) | B7: =IF(盘货信息!B7="","",盘货信息!B7) | C7: =IF(盘货信息!C7="","",盘货信息!C7) | D7: =_xlfn.TEXTJOIN(CHAR(10),TRUE,OFFSET(INDIRECT("RC",FALSE),0,1,1,30)) | E7: =IF(C7="","",固定信息!$B$2) | F7: {=IF(C7="","","【"&C7&"】"&_xlfn.XLOOKUP(A7&B7&C7,盘货信息!$A:$A&盘货信息!$B:$B&盘货信息!$C:$C,盘货信息!$D:$D))} | G7: =IF(C7="","","【"&"活动时间："&固定信息!$B$3&"】") | H7: =IF($C7="","",固定信息!$B$1) | J7: {=_xlfn.XLOOKUP(A7&B7&C7,价格信息!$A:$A&价格信息!$B:$B&价格信息!$C:$C,价格信息!$D:$D)} | K7: {=IF(_xlfn.XLOOKUP(A7&B7&C7,价格信息!$A:$A&价格信息!$B:$B&价格信息!$C:$C,价格信息!$I:$I)="","","【优惠券链接】"&固定信息!$B$6)} | L7: =IF($C7="","",固定信息!$B$1) | M7: {=IF(_xlfn.XLOOKUP(A7&B7&C7,盘货信息!$A:$A&盘货信息!$B:$B&盘货信息!$C:$C,盘货信息!$O:$O)="","","【优惠券】领"&INDEX(_wpsfn.REGEXP(_xlfn.XLOOKUP(A7&B7&C7,盘货信息!$A:$A&盘货信息!$B:$B&盘货信息!$C:$C,盘货信息!$O:$O),"\d+"),1,1)&"元优惠券下单更优惠，优惠卷："&_xlfn.XLOOKUP(A7&B7&C7,盘货信息!$A:$A&盘货信息!$B:$B&盘货信息!$C:$C,盘货信息!$P:$P))} | N7: {=IF(AND(ISNUMBER(_xlfn.XLOOKUP(A7&B7&C7,盘货信息!$A:$A&盘货信息!$B:$B&盘货信息!$C:$C,盘货信息!$I:$I)),_xlfn.XLOOKUP(A7&B7&C7,盘货信息!$A:$A&盘货信息!$B:$B&盘货信息!$C:$C,盘货信息!$I:$I)>1),"【88VIP】立减"&_xlfn.XLOOKUP(A7&B7&C7,盘货信息!$A:$A&盘货信息!$B:$B&盘货信息!$C:$C,盘货信息!$I:$I)&"元","")} | O7: {=IF(_xlfn.XLOOKUP(A7&B7&C7,盘货信息!$A:$A&盘货信息!$B:$B&盘货信息!$C:$C,盘货信息!$K:$K)="","",IF(AND(_xlfn.XLOOKUP(A7&B7&C7,盘货信息!$A:$A&盘货信息!$B:$B&盘货信息!$C:$C,盘货信息!$G:$G)="不参加",_xlfn.XLOOKUP(A7&B7&C7,盘货信息!$A:$A&盘货信息!$B:$B&盘货信息!$C:$C,盘货信息!$H:$H)=""),"【以旧换新】"&_xlfn.XLOOKUP(A7&B7&C7,盘货信息!$A:$A&盘货信息!$B:$B&盘货信息!$C:$C,盘货信息!$K:$K)&"元以旧换新补贴（可无旧机换新）",""))} | P7: {=_xlfn.XLOOKUP(A7&B7&C7,赠品!$A:$A&赠品!$B:$B&赠品!$C:$C,赠品!$D:$D)} | Q7: =IF($C7="","",IF(AND(M7="",N7="",P7=""),"",固定信息!$B$1)) | R7: {=IF(ISNUMBER(SEARCH("是",_xlfn.XLOOKUP(A7&B7&C7,盘货信息!$A:$A&盘货信息!$B:$B&盘货信息!$C:$C,盘货信息!$U:$U))),"【折扣】指定型号满2类享96折，满3类享94折","")} | S7: {=IF(_xlfn.XLOOKUP(A7&B7&C7,盘货信息!$A:$A&盘货信息!$B:$B&盘货信息!$C:$C,盘货信息!$Q:$Q)<1,"","【红包】活动时间购机送"&_xlfn.TEXTJOIN("",,IF(ISNUMBER(--MID(_xlfn.XLOOKUP(A7&B7&C7,盘货信息!$A:$A&盘货信息!$B:$B&盘货信息!$C:$C,盘货信息!$Q:$Q),_xlfn.SEQUENCE(LEN(_xlfn.XLOOKUP(A7&B7&C7,盘货信息!$A:$A&盘货信息!$B:$B&盘货信息!$C:$C,盘货信息!$Q:$Q))),1)),MID(_xlfn.XLOOKUP(A7&B7&C7,盘货信息!$A:$A&盘货信息!$B:$B&盘货信息!$C:$C,盘货信息!$Q:$Q),_xlfn.SEQUENCE(LEN(_xlfn.XLOOKUP(A7&B7&C7,盘货信息!$A:$A&盘货信息!$B:$B&盘货信息!$C:$C,盘货信息!$Q:$Q))),1),""))&"元")} | T7: {=IF(ISNUMBER(SEARCH("是",_xlfn.XLOOKUP(A7&B7&C7,盘货信息!$A:$A&盘货信息!$B:$B&盘货信息!$C:$C,盘货信息!$T:$T))),"【瓜分】"&固定信息!$B$7,"")} | U7: =IF($C7="","",IF(AND(R7="",S7="",T7=""),"",固定信息!$B$1)) | V7: {=IF(C7="","","【服务】"&IF(_xlfn.XLOOKUP(A7&B7&C7,盘货信息!$A:$A&盘货信息!$B:$B&盘货信息!$C:$C,盘货信息!$V:$V)="","",_xlfn.XLOOKUP(A7&B7&C7,盘货信息!$A:$A&盘货信息!$B:$B&盘货信息!$C:$C,盘货信息!$V:$V)&"免息,")&IF(_xlfn.XLOOKUP(A7&B7&C7,盘货信息!$A:$A&盘货信息!$B:$B&盘货信息!$C:$C,盘货信息!$W:$W)="","",_xlfn.XLOOKUP(A7&B7&C7,盘货信息!$A:$A&盘货信息!$B:$B&盘货信息!$C:$C,盘货信息!$W:$W)&"，")&"送货入户，退换免运费")}
A8: =IF(盘货信息!A8="","",盘货信息!A8) | B8: =IF(盘货信息!B8="","",盘货信息!B8) | C8: =IF(盘货信息!C8="","",盘货信息!C8) | D8: =_xlfn.TEXTJOIN(CHAR(10),TRUE,OFFSET(INDIRECT("RC",FALSE),0,1,1,30)) | E8: =IF(C8="","",固定信息!$B$2) | F8: {=IF(C8="","","【"&C8&"】"&_xlfn.XLOOKUP(A8&B8&C8,盘货信息!$A:$A&盘货信息!$B:$B&盘货信息!$C:$C,盘货信息!$D:$D))} | G8: =IF(C8="","","【"&"活动时间："&固定信息!$B$3&"】") | H8: =IF($C8="","",固定信息!$B$1) | J8: {=_xlfn.XLOOKUP(A8&B8&C8,价格信息!$A:$A&价格信息!$B:$B&价格信息!$C:$C,价格信息!$D:$D)} | K8: {=IF(_xlfn.XLOOKUP(A8&B8&C8,价格信息!$A:$A&价格信息!$B:$B&价格信息!$C:$C,价格信息!$I:$I)="","","【优惠券链接】"&固定信息!$B$6)} | L8: =IF($C8="","",固定信息!$B$1) | M8: {=IF(_xlfn.XLOOKUP(A8&B8&C8,盘货信息!$A:$A&盘货信息!$B:$B&盘货信息!$C:$C,盘货信息!$O:$O)="","","【优惠券】领"&INDEX(_wpsfn.REGEXP(_xlfn.XLOOKUP(A8&B8&C8,盘货信息!$A:$A&盘货信息!$B:$B&盘货信息!$C:$C,盘货信息!$O:$O),"\d+"),1,1)&"元优惠券下单更优惠，优惠卷："&_xlfn.XLOOKUP(A8&B8&C8,盘货信息!$A:$A&盘货信息!$B:$B&盘货信息!$C:$C,盘货信息!$P:$P))} | N8: {=IF(AND(ISNUMBER(_xlfn.XLOOKUP(A8&B8&C8,盘货信息!$A:$A&盘货信息!$B:$B&盘货信息!$C:$C,盘货信息!$I:$I)),_xlfn.XLOOKUP(A8&B8&C8,盘货信息!$A:$A&盘货信息!$B:$B&盘货信息!$C:$C,盘货信息!$I:$I)>1),"【88VIP】立减"&_xlfn.XLOOKUP(A8&B8&C8,盘货信息!$A:$A&盘货信息!$B:$B&盘货信息!$C:$C,盘货信息!$I:$I)&"元","")} | O8: {=IF(_xlfn.XLOOKUP(A8&B8&C8,盘货信息!$A:$A&盘货信息!$B:$B&盘货信息!$C:$C,盘货信息!$K:$K)="","",IF(AND(_xlfn.XLOOKUP(A8&B8&C8,盘货信息!$A:$A&盘货信息!$B:$B&盘货信息!$C:$C,盘货信息!$G:$G)="不参加",_xlfn.XLOOKUP(A8&B8&C8,盘货信息!$A:$A&盘货信息!$B:$B&盘货信息!$C:$C,盘货信息!$H:$H)=""),"【以旧换新】"&_xlfn.XLOOKUP(A8&B8&C8,盘货信息!$A:$A&盘货信息!$B:$B&盘货信息!$C:$C,盘货信息!$K:$K)&"元以旧换新补贴（可无旧机换新）",""))} | P8: {=_xlfn.XLOOKUP(A8&B8&C8,赠品!$A:$A&赠品!$B:$B&赠品!$C:$C,赠品!$D:$D)} | Q8: =IF($C8="","",IF(AND(M8="",N8="",P8=""),"",固定信息!$B$1)) | R8: {=IF(ISNUMBER(SEARCH("是",_xlfn.XLOOKUP(A8&B8&C8,盘货信息!$A:$A&盘货信息!$B:$B&盘货信息!$C:$C,盘货信息!$U:$U))),"【折扣】指定型号满2类享96折，满3类享94折","")} | S8: {=IF(_xlfn.XLOOKUP(A8&B8&C8,盘货信息!$A:$A&盘货信息!$B:$B&盘货信息!$C:$C,盘货信息!$Q:$Q)<1,"","【红包】活动时间购机送"&_xlfn.TEXTJOIN("",,IF(ISNUMBER(--MID(_xlfn.XLOOKUP(A8&B8&C8,盘货信息!$A:$A&盘货信息!$B:$B&盘货信息!$C:$C,盘货信息!$Q:$Q),_xlfn.SEQUENCE(LEN(_xlfn.XLOOKUP(A8&B8&C8,盘货信息!$A:$A&盘货信息!$B:$B&盘货信息!$C:$C,盘货信息!$Q:$Q))),1)),MID(_xlfn.XLOOKUP(A8&B8&C8,盘货信息!$A:$A&盘货信息!$B:$B&盘货信息!$C:$C,盘货信息!$Q:$Q),_xlfn.SEQUENCE(LEN(_xlfn.XLOOKUP(A8&B8&C8,盘货信息!$A:$A&盘货信息!$B:$B&盘货信息!$C:$C,盘货信息!$Q:$Q))),1),""))&"元")} | T8: {=IF(ISNUMBER(SEARCH("是",_xlfn.XLOOKUP(A8&B8&C8,盘货信息!$A:$A&盘货信息!$B:$B&盘货信息!$C:$C,盘货信息!$T:$T))),"【瓜分】"&固定信息!$B$7,"")} | U8: =IF($C8="","",IF(AND(R8="",S8="",T8=""),"",固定信息!$B$1)) | V8: {=IF(C8="","","【服务】"&IF(_xlfn.XLOOKUP(A8&B8&C8,盘货信息!$A:$A&盘货信息!$B:$B&盘货信息!$C:$C,盘货信息!$V:$V)="","",_xlfn.XLOOKUP(A8&B8&C8,盘货信息!$A:$A&盘货信息!$B:$B&盘货信息!$C:$C,盘货信息!$V:$V)&"免息,")&IF(_xlfn.XLOOKUP(A8&B8&C8,盘货信息!$A:$A&盘货信息!$B:$B&盘货信息!$C:$C,盘货信息!$W:$W)="","",_xlfn.XLOOKUP(A8&B8&C8,盘货信息!$A:$A&盘货信息!$B:$B&盘货信息!$C:$C,盘货信息!$W:$W)&"，")&"送货入户，退换免运费")}
A9: =IF(盘货信息!A9="","",盘货信息!A9) | B9: =IF(盘货信息!B9="","",盘货信息!B9) | C9: =IF(盘货信息!C9="","",盘货信息!C9) | D9: =_xlfn.TEXTJOIN(CHAR(10),TRUE,OFFSET(INDIRECT("RC",FALSE),0,1,1,30)) | E9: =IF(C9="","",固定信息!$B$2) | F9: {=IF(C9="","","【"&C9&"】"&_xlfn.XLOOKUP(A9&B9&C9,盘货信息!$A:$A&盘货信息!$B:$B&盘货信息!$C:$C,盘货信息!$D:$D))} | G9: =IF(C9="","","【"&"活动时间："&固定信息!$B$3&"】") | H9: =IF($C9="","",固定信息!$B$1) | J9: {=_xlfn.XLOOKUP(A9&B9&C9,价格信息!$A:$A&价格信息!$B:$B&价格信息!$C:$C,价格信息!$D:$D)} | K9: {=IF(_xlfn.XLOOKUP(A9&B9&C9,价格信息!$A:$A&价格信息!$B:$B&价格信息!$C:$C,价格信息!$I:$I)="","","【优惠券链接】"&固定信息!$B$6)} | L9: =IF($C9="","",固定信息!$B$1) | M9: {=IF(_xlfn.XLOOKUP(A9&B9&C9,盘货信息!$A:$A&盘货信息!$B:$B&盘货信息!$C:$C,盘货信息!$O:$O)="","","【优惠券】领"&INDEX(_wpsfn.REGEXP(_xlfn.XLOOKUP(A9&B9&C9,盘货信息!$A:$A&盘货信息!$B:$B&盘货信息!$C:$C,盘货信息!$O:$O),"\d+"),1,1)&"元优惠券下单更优惠，优惠卷："&_xlfn.XLOOKUP(A9&B9&C9,盘货信息!$A:$A&盘货信息!$B:$B&盘货信息!$C:$C,盘货信息!$P:$P))} | N9: {=IF(AND(ISNUMBER(_xlfn.XLOOKUP(A9&B9&C9,盘货信息!$A:$A&盘货信息!$B:$B&盘货信息!$C:$C,盘货信息!$I:$I)),_xlfn.XLOOKUP(A9&B9&C9,盘货信息!$A:$A&盘货信息!$B:$B&盘货信息!$C:$C,盘货信息!$I:$I)>1),"【88VIP】立减"&_xlfn.XLOOKUP(A9&B9&C9,盘货信息!$A:$A&盘货信息!$B:$B&盘货信息!$C:$C,盘货信息!$I:$I)&"元","")} | O9: {=IF(_xlfn.XLOOKUP(A9&B9&C9,盘货信息!$A:$A&盘货信息!$B:$B&盘货信息!$C:$C,盘货信息!$K:$K)="","",IF(AND(_xlfn.XLOOKUP(A9&B9&C9,盘货信息!$A:$A&盘货信息!$B:$B&盘货信息!$C:$C,盘货信息!$G:$G)="不参加",_xlfn.XLOOKUP(A9&B9&C9,盘货信息!$A:$A&盘货信息!$B:$B&盘货信息!$C:$C,盘货信息!$H:$H)=""),"【以旧换新】"&_xlfn.XLOOKUP(A9&B9&C9,盘货信息!$A:$A&盘货信息!$B:$B&盘货信息!$C:$C,盘货信息!$K:$K)&"元以旧换新补贴（可无旧机换新）",""))} | P9: {=_xlfn.XLOOKUP(A9&B9&C9,赠品!$A:$A&赠品!$B:$B&赠品!$C:$C,赠品!$D:$D)} | Q9: =IF($C9="","",IF(AND(M9="",N9="",P9=""),"",固定信息!$B$1)) | R9: {=IF(ISNUMBER(SEARCH("是",_xlfn.XLOOKUP(A9&B9&C9,盘货信息!$A:$A&盘货信息!$B:$B&盘货信息!$C:$C,盘货信息!$U:$U))),"【折扣】指定型号满2类享96折，满3类享94折","")} | S9: {=IF(_xlfn.XLOOKUP(A9&B9&C9,盘货信息!$A:$A&盘货信息!$B:$B&盘货信息!$C:$C,盘货信息!$Q:$Q)<1,"","【红包】活动时间购机送"&_xlfn.TEXTJOIN("",,IF(ISNUMBER(--MID(_xlfn.XLOOKUP(A9&B9&C9,盘货信息!$A:$A&盘货信息!$B:$B&盘货信息!$C:$C,盘货信息!$Q:$Q),_xlfn.SEQUENCE(LEN(_xlfn.XLOOKUP(A9&B9&C9,盘货信息!$A:$A&盘货信息!$B:$B&盘货信息!$C:$C,盘货信息!$Q:$Q))),1)),MID(_xlfn.XLOOKUP(A9&B9&C9,盘货信息!$A:$A&盘货信息!$B:$B&盘货信息!$C:$C,盘货信息!$Q:$Q),_xlfn.SEQUENCE(LEN(_xlfn.XLOOKUP(A9&B9&C9,盘货信息!$A:$A&盘货信息!$B:$B&盘货信息!$C:$C,盘货信息!$Q:$Q))),1),""))&"元")} | T9: {=IF(ISNUMBER(SEARCH("是",_xlfn.XLOOKUP(A9&B9&C9,盘货信息!$A:$A&盘货信息!$B:$B&盘货信息!$C:$C,盘货信息!$T:$T))),"【瓜分】"&固定信息!$B$7,"")} | U9: =IF($C9="","",IF(AND(R9="",S9="",T9=""),"",固定信息!$B$1)) | V9: {=IF(C9="","","【服务】"&IF(_xlfn.XLOOKUP(A9&B9&C9,盘货信息!$A:$A&盘货信息!$B:$B&盘货信息!$C:$C,盘货信息!$V:$V)="","",_xlfn.XLOOKUP(A9&B9&C9,盘货信息!$A:$A&盘货信息!$B:$B&盘货信息!$C:$C,盘货信息!$V:$V)&"免息,")&IF(_xlfn.XLOOKUP(A9&B9&C9,盘货信息!$A:$A&盘货信息!$B:$B&盘货信息!$C:$C,盘货信息!$W:$W)="","",_xlfn.XLOOKUP(A9&B9&C9,盘货信息!$A:$A&盘货信息!$B:$B&盘货信息!$C:$C,盘货信息!$W:$W)&"，")&"送货入户，退换免运费")}
A10: =IF(盘货信息!A10="","",盘货信息!A10) | B10: =IF(盘货信息!B10="","",盘货信息!B10) | C10: =IF(盘货信息!C10="","",盘货信息!C10) | D10: =_xlfn.TEXTJOIN(CHAR(10),TRUE,OFFSET(INDIRECT("RC",FALSE),0,1,1,30)) | E10: =IF(C10="","",固定信息!$B$2) | F10: {=IF(C10="","","【"&C10&"】"&_xlfn.XLOOKUP(A10&B10&C10,盘货信息!$A:$A&盘货信息!$B:$B&盘货信息!$C:$C,盘货信息!$D:$D))} | G10: =IF(C10="","","【"&"活动时间："&固定信息!$B$3&"】") | H10: =IF($C10="","",固定信息!$B$1) | J10: {=_xlfn.XLOOKUP(A10&B10&C10,价格信息!$A:$A&价格信息!$B:$B&价格信息!$C:$C,价格信息!$D:$D)} | K10: {=IF(_xlfn.XLOOKUP(A10&B10&C10,价格信息!$A:$A&价格信息!$B:$B&价格信息!$C:$C,价格信息!$I:$I)="","","【优惠券链接】"&固定信息!$B$6)} | L10: =IF($C10="","",固定信息!$B$1) | M10: {=IF(_xlfn.XLOOKUP(A10&B10&C10,盘货信息!$A:$A&盘货信息!$B:$B&盘货信息!$C:$C,盘货信息!$O:$O)="","","【优惠券】领"&INDEX(_wpsfn.REGEXP(_xlfn.XLOOKUP(A10&B10&C10,盘货信息!$A:$A&盘货信息!$B:$B&盘货信息!$C:$C,盘货信息!$O:$O),"\d+"),1,1)&"元优惠券下单更优惠，优惠卷："&_xlfn.XLOOKUP(A10&B10&C10,盘货信息!$A:$A&盘货信息!$B:$B&盘货信息!$C:$C,盘货信息!$P:$P))} | N10: {=IF(AND(ISNUMBER(_xlfn.XLOOKUP(A10&B10&C10,盘货信息!$A:$A&盘货信息!$B:$B&盘货信息!$C:$C,盘货信息!$I:$I)),_xlfn.XLOOKUP(A10&B10&C10,盘货信息!$A:$A&盘货信息!$B:$B&盘货信息!$C:$C,盘货信息!$I:$I)>1),"【88VIP】立减"&_xlfn.XLOOKUP(A10&B10&C10,盘货信息!$A:$A&盘货信息!$B:$B&盘货信息!$C:$C,盘货信息!$I:$I)&"元","")} | O10: {=IF(_xlfn.XLOOKUP(A10&B10&C10,盘货信息!$A:$A&盘货信息!$B:$B&盘货信息!$C:$C,盘货信息!$K:$K)="","",IF(AND(_xlfn.XLOOKUP(A10&B10&C10,盘货信息!$A:$A&盘货信息!$B:$B&盘货信息!$C:$C,盘货信息!$G:$G)="不参加",_xlfn.XLOOKUP(A10&B10&C10,盘货信息!$A:$A&盘货信息!$B:$B&盘货信息!$C:$C,盘货信息!$H:$H)=""),"【以旧换新】"&_xlfn.XLOOKUP(A10&B10&C10,盘货信息!$A:$A&盘货信息!$B:$B&盘货信息!$C:$C,盘货信息!$K:$K)&"元以旧换新补贴（可无旧机换新）",""))} | P10: {=_xlfn.XLOOKUP(A10&B10&C10,赠品!$A:$A&赠品!$B:$B&赠品!$C:$C,赠品!$D:$D)} | Q10: =IF($C10="","",IF(AND(M10="",N10="",P10=""),"",固定信息!$B$1)) | R10: {=IF(ISNUMBER(SEARCH("是",_xlfn.XLOOKUP(A10&B10&C10,盘货信息!$A:$A&盘货信息!$B:$B&盘货信息!$C:$C,盘货信息!$U:$U))),"【折扣】指定型号满2类享96折，满3类享94折","")} | S10: {=IF(_xlfn.XLOOKUP(A10&B10&C10,盘货信息!$A:$A&盘货信息!$B:$B&盘货信息!$C:$C,盘货信息!$Q:$Q)<1,"","【红包】活动时间购机送"&_xlfn.TEXTJOIN("",,IF(ISNUMBER(--MID(_xlfn.XLOOKUP(A10&B10&C10,盘货信息!$A:$A&盘货信息!$B:$B&盘货信息!$C:$C,盘货信息!$Q:$Q),_xlfn.SEQUENCE(LEN(_xlfn.XLOOKUP(A10&B10&C10,盘货信息!$A:$A&盘货信息!$B:$B&盘货信息!$C:$C,盘货信息!$Q:$Q))),1)),MID(_xlfn.XLOOKUP(A10&B10&C10,盘货信息!$A:$A&盘货信息!$B:$B&盘货信息!$C:$C,盘货信息!$Q:$Q),_xlfn.SEQUENCE(LEN(_xlfn.XLOOKUP(A10&B10&C10,盘货信息!$A:$A&盘货信息!$B:$B&盘货信息!$C:$C,盘货信息!$Q:$Q))),1),""))&"元")} | T10: {=IF(ISNUMBER(SEARCH("是",_xlfn.XLOOKUP(A10&B10&C10,盘货信息!$A:$A&盘货信息!$B:$B&盘货信息!$C:$C,盘货信息!$T:$T))),"【瓜分】"&固定信息!$B$7,"")} | U10: =IF($C10="","",IF(AND(R10="",S10="",T10=""),"",固定信息!$B$1)) | V10: {=IF(C10="","","【服务】"&IF(_xlfn.XLOOKUP(A10&B10&C10,盘货信息!$A:$A&盘货信息!$B:$B&盘货信息!$C:$C,盘货信息!$V:$V)="","",_xlfn.XLOOKUP(A10&B10&C10,盘货信息!$A:$A&盘货信息!$B:$B&盘货信息!$C:$C,盘货信息!$V:$V)&"免息,")&IF(_xlfn.XLOOKUP(A10&B10&C10,盘货信息!$A:$A&盘货信息!$B:$B&盘货信息!$C:$C,盘货信息!$W:$W)="","",_xlfn.XLOOKUP(A10&B10&C10,盘货信息!$A:$A&盘货信息!$B:$B&盘货信息!$C:$C,盘货信息!$W:$W)&"，")&"送货入户，退换免运费")}
A11: =IF(盘货信息!A11="","",盘货信息!A11) | B11: =IF(盘货信息!B11="","",盘货信息!B11) | C11: =IF(盘货信息!C11="","",盘货信息!C11) | D11: =_xlfn.TEXTJOIN(CHAR(10),TRUE,OFFSET(INDIRECT("RC",FALSE),0,1,1,30)) | E11: =IF(C11="","",固定信息!$B$2) | F11: {=IF(C11="","","【"&C11&"】"&_xlfn.XLOOKUP(A11&B11&C11,盘货信息!$A:$A&盘货信息!$B:$B&盘货信息!$C:$C,盘货信息!$D:$D))} | G11: =IF(C11="","","【"&"活动时间："&固定信息!$B$3&"】") | H11: =IF($C11="","",固定信息!$B$1) | J11: {=_xlfn.XLOOKUP(A11&B11&C11,价格信息!$A:$A&价格信息!$B:$B&价格信息!$C:$C,价格信息!$D:$D)} | K11: {=IF(_xlfn.XLOOKUP(A11&B11&C11,价格信息!$A:$A&价格信息!$B:$B&价格信息!$C:$C,价格信息!$I:$I)="","","【优惠券链接】"&固定信息!$B$6)} | L11: =IF($C11="","",固定信息!$B$1) | M11: {=IF(_xlfn.XLOOKUP(A11&B11&C11,盘货信息!$A:$A&盘货信息!$B:$B&盘货信息!$C:$C,盘货信息!$O:$O)="","","【优惠券】领"&INDEX(_wpsfn.REGEXP(_xlfn.XLOOKUP(A11&B11&C11,盘货信息!$A:$A&盘货信息!$B:$B&盘货信息!$C:$C,盘货信息!$O:$O),"\d+"),1,1)&"元优惠券下单更优惠，优惠卷："&_xlfn.XLOOKUP(A11&B11&C11,盘货信息!$A:$A&盘货信息!$B:$B&盘货信息!$C:$C,盘货信息!$P:$P))} | N11: {=IF(AND(ISNUMBER(_xlfn.XLOOKUP(A11&B11&C11,盘货信息!$A:$A&盘货信息!$B:$B&盘货信息!$C:$C,盘货信息!$I:$I)),_xlfn.XLOOKUP(A11&B11&C11,盘货信息!$A:$A&盘货信息!$B:$B&盘货信息!$C:$C,盘货信息!$I:$I)>1),"【88VIP】立减"&_xlfn.XLOOKUP(A11&B11&C11,盘货信息!$A:$A&盘货信息!$B:$B&盘货信息!$C:$C,盘货信息!$I:$I)&"元","")} | O11: {=IF(_xlfn.XLOOKUP(A11&B11&C11,盘货信息!$A:$A&盘货信息!$B:$B&盘货信息!$C:$C,盘货信息!$K:$K)="","",IF(AND(_xlfn.XLOOKUP(A11&B11&C11,盘货信息!$A:$A&盘货信息!$B:$B&盘货信息!$C:$C,盘货信息!$G:$G)="不参加",_xlfn.XLOOKUP(A11&B11&C11,盘货信息!$A:$A&盘货信息!$B:$B&盘货信息!$C:$C,盘货信息!$H:$H)=""),"【以旧换新】"&_xlfn.XLOOKUP(A11&B11&C11,盘货信息!$A:$A&盘货信息!$B:$B&盘货信息!$C:$C,盘货信息!$K:$K)&"元以旧换新补贴（可无旧机换新）",""))} | P11: {=_xlfn.XLOOKUP(A11&B11&C11,赠品!$A:$A&赠品!$B:$B&赠品!$C:$C,赠品!$D:$D)} | Q11: =IF($C11="","",IF(AND(M11="",N11="",P11=""),"",固定信息!$B$1)) | R11: {=IF(ISNUMBER(SEARCH("是",_xlfn.XLOOKUP(A11&B11&C11,盘货信息!$A:$A&盘货信息!$B:$B&盘货信息!$C:$C,盘货信息!$U:$U))),"【折扣】指定型号满2类享96折，满3类享94折","")} | S11: {=IF(_xlfn.XLOOKUP(A11&B11&C11,盘货信息!$A:$A&盘货信息!$B:$B&盘货信息!$C:$C,盘货信息!$Q:$Q)<1,"","【红包】活动时间购机送"&_xlfn.TEXTJOIN("",,IF(ISNUMBER(--MID(_xlfn.XLOOKUP(A11&B11&C11,盘货信息!$A:$A&盘货信息!$B:$B&盘货信息!$C:$C,盘货信息!$Q:$Q),_xlfn.SEQUENCE(LEN(_xlfn.XLOOKUP(A11&B11&C11,盘货信息!$A:$A&盘货信息!$B:$B&盘货信息!$C:$C,盘货信息!$Q:$Q))),1)),MID(_xlfn.XLOOKUP(A11&B11&C11,盘货信息!$A:$A&盘货信息!$B:$B&盘货信息!$C:$C,盘货信息!$Q:$Q),_xlfn.SEQUENCE(LEN(_xlfn.XLOOKUP(A11&B11&C11,盘货信息!$A:$A&盘货信息!$B:$B&盘货信息!$C:$C,盘货信息!$Q:$Q))),1),""))&"元")} | T11: {=IF(ISNUMBER(SEARCH("是",_xlfn.XLOOKUP(A11&B11&C11,盘货信息!$A:$A&盘货信息!$B:$B&盘货信息!$C:$C,盘货信息!$T:$T))),"【瓜分】"&固定信息!$B$7,"")} | U11: =IF($C11="","",IF(AND(R11="",S11="",T11=""),"",固定信息!$B$1)) | V11: {=IF(C11="","","【服务】"&IF(_xlfn.XLOOKUP(A11&B11&C11,盘货信息!$A:$A&盘货信息!$B:$B&盘货信息!$C:$C,盘货信息!$V:$V)="","",_xlfn.XLOOKUP(A11&B11&C11,盘货信息!$A:$A&盘货信息!$B:$B&盘货信息!$C:$C,盘货信息!$V:$V)&"免息,")&IF(_xlfn.XLOOKUP(A11&B11&C11,盘货信息!$A:$A&盘货信息!$B:$B&盘货信息!$C:$C,盘货信息!$W:$W)="","",_xlfn.XLOOKUP(A11&B11&C11,盘货信息!$A:$A&盘货信息!$B:$B&盘货信息!$C:$C,盘货信息!$W:$W)&"，")&"送货入户，退换免运费")}
A12: =IF(盘货信息!A12="","",盘货信息!A12) | B12: =IF(盘货信息!B12="","",盘货信息!B12) | C12: =IF(盘货信息!C12="","",盘货信息!C12) | D12: =_xlfn.TEXTJOIN(CHAR(10),TRUE,OFFSET(INDIRECT("RC",FALSE),0,1,1,30)) | E12: =IF(C12="","",固定信息!$B$2) | F12: {=IF(C12="","","【"&C12&"】"&_xlfn.XLOOKUP(A12&B12&C12,盘货信息!$A:$A&盘货信息!$B:$B&盘货信息!$C:$C,盘货信息!$D:$D))} | G12: =IF(C12="","","【"&"活动时间："&固定信息!$B$3&"】") | H12: =IF($C12="","",固定信息!$B$1) | J12: {=_xlfn.XLOOKUP(A12&B12&C12,价格信息!$A:$A&价格信息!$B:$B&价格信息!$C:$C,价格信息!$D:$D)} | K12: {=IF(_xlfn.XLOOKUP(A12&B12&C12,价格信息!$A:$A&价格信息!$B:$B&价格信息!$C:$C,价格信息!$I:$I)="","","【优惠券链接】"&固定信息!$B$6)} | L12: =IF($C12="","",固定信息!$B$1) | M12: {=IF(_xlfn.XLOOKUP(A12&B12&C12,盘货信息!$A:$A&盘货信息!$B:$B&盘货信息!$C:$C,盘货信息!$O:$O)="","","【优惠券】领"&INDEX(_wpsfn.REGEXP(_xlfn.XLOOKUP(A12&B12&C12,盘货信息!$A:$A&盘货信息!$B:$B&盘货信息!$C:$C,盘货信息!$O:$O),"\d+"),1,1)&"元优惠券下单更优惠，优惠卷："&_xlfn.XLOOKUP(A12&B12&C12,盘货信息!$A:$A&盘货信息!$B:$B&盘货信息!$C:$C,盘货信息!$P:$P))} | N12: {=IF(AND(ISNUMBER(_xlfn.XLOOKUP(A12&B12&C12,盘货信息!$A:$A&盘货信息!$B:$B&盘货信息!$C:$C,盘货信息!$I:$I)),_xlfn.XLOOKUP(A12&B12&C12,盘货信息!$A:$A&盘货信息!$B:$B&盘货信息!$C:$C,盘货信息!$I:$I)>1),"【88VIP】立减"&_xlfn.XLOOKUP(A12&B12&C12,盘货信息!$A:$A&盘货信息!$B:$B&盘货信息!$C:$C,盘货信息!$I:$I)&"元","")} | O12: {=IF(_xlfn.XLOOKUP(A12&B12&C12,盘货信息!$A:$A&盘货信息!$B:$B&盘货信息!$C:$C,盘货信息!$K:$K)="","",IF(AND(_xlfn.XLOOKUP(A12&B12&C12,盘货信息!$A:$A&盘货信息!$B:$B&盘货信息!$C:$C,盘货信息!$G:$G)="不参加",_xlfn.XLOOKUP(A12&B12&C12,盘货信息!$A:$A&盘货信息!$B:$B&盘货信息!$C:$C,盘货信息!$H:$H)=""),"【以旧换新】"&_xlfn.XLOOKUP(A12&B12&C12,盘货信息!$A:$A&盘货信息!$B:$B&盘货信息!$C:$C,盘货信息!$K:$K)&"元以旧换新补贴（可无旧机换新）",""))} | P12: {=_xlfn.XLOOKUP(A12&B12&C12,赠品!$A:$A&赠品!$B:$B&赠品!$C:$C,赠品!$D:$D)} | Q12: =IF($C12="","",IF(AND(M12="",N12="",P12=""),"",固定信息!$B$1)) | R12: {=IF(ISNUMBER(SEARCH("是",_xlfn.XLOOKUP(A12&B12&C12,盘货信息!$A:$A&盘货信息!$B:$B&盘货信息!$C:$C,盘货信息!$U:$U))),"【折扣】指定型号满2类享96折，满3类享94折","")} | S12: {=IF(_xlfn.XLOOKUP(A12&B12&C12,盘货信息!$A:$A&盘货信息!$B:$B&盘货信息!$C:$C,盘货信息!$Q:$Q)<1,"","【红包】活动时间购机送"&_xlfn.TEXTJOIN("",,IF(ISNUMBER(--MID(_xlfn.XLOOKUP(A12&B12&C12,盘货信息!$A:$A&盘货信息!$B:$B&盘货信息!$C:$C,盘货信息!$Q:$Q),_xlfn.SEQUENCE(LEN(_xlfn.XLOOKUP(A12&B12&C12,盘货信息!$A:$A&盘货信息!$B:$B&盘货信息!$C:$C,盘货信息!$Q:$Q))),1)),MID(_xlfn.XLOOKUP(A12&B12&C12,盘货信息!$A:$A&盘货信息!$B:$B&盘货信息!$C:$C,盘货信息!$Q:$Q),_xlfn.SEQUENCE(LEN(_xlfn.XLOOKUP(A12&B12&C12,盘货信息!$A:$A&盘货信息!$B:$B&盘货信息!$C:$C,盘货信息!$Q:$Q))),1),""))&"元")} | T12: {=IF(ISNUMBER(SEARCH("是",_xlfn.XLOOKUP(A12&B12&C12,盘货信息!$A:$A&盘货信息!$B:$B&盘货信息!$C:$C,盘货信息!$T:$T))),"【瓜分】"&固定信息!$B$7,"")} | U12: =IF($C12="","",IF(AND(R12="",S12="",T12=""),"",固定信息!$B$1)) | V12: {=IF(C12="","","【服务】"&IF(_xlfn.XLOOKUP(A12&B12&C12,盘货信息!$A:$A&盘货信息!$B:$B&盘货信息!$C:$C,盘货信息!$V:$V)="","",_xlfn.XLOOKUP(A12&B12&C12,盘货信息!$A:$A&盘货信息!$B:$B&盘货信息!$C:$C,盘货信息!$V:$V)&"免息,")&IF(_xlfn.XLOOKUP(A12&B12&C12,盘货信息!$A:$A&盘货信息!$B:$B&盘货信息!$C:$C,盘货信息!$W:$W)="","",_xlfn.XLOOKUP(A12&B12&C12,盘货信息!$A:$A&盘货信息!$B:$B&盘货信息!$C:$C,盘货信息!$W:$W)&"，")&"送货入户，退换免运费")}
A13: =IF(盘货信息!A13="","",盘货信息!A13) | B13: =IF(盘货信息!B13="","",盘货信息!B13) | C13: =IF(盘货信息!C13="","",盘货信息!C13) | D13: =_xlfn.TEXTJOIN(CHAR(10),TRUE,OFFSET(INDIRECT("RC",FALSE),0,1,1,30)) | E13: =IF(C13="","",固定信息!$B$2) | F13: {=IF(C13="","","【"&C13&"】"&_xlfn.XLOOKUP(A13&B13&C13,盘货信息!$A:$A&盘货信息!$B:$B&盘货信息!$C:$C,盘货信息!$D:$D))} | G13: =IF(C13="","","【"&"活动时间："&固定信息!$B$3&"】") | H13: =IF($C13="","",固定信息!$B$1) | J13: {=_xlfn.XLOOKUP(A13&B13&C13,价格信息!$A:$A&价格信息!$B:$B&价格信息!$C:$C,价格信息!$D:$D)} | K13: {=IF(_xlfn.XLOOKUP(A13&B13&C13,价格信息!$A:$A&价格信息!$B:$B&价格信息!$C:$C,价格信息!$I:$I)="","","【优惠券链接】"&固定信息!$B$6)} | L13: =IF($C13="","",固定信息!$B$1) | M13: {=IF(_xlfn.XLOOKUP(A13&B13&C13,盘货信息!$A:$A&盘货信息!$B:$B&盘货信息!$C:$C,盘货信息!$O:$O)="","","【优惠券】领"&INDEX(_wpsfn.REGEXP(_xlfn.XLOOKUP(A13&B13&C13,盘货信息!$A:$A&盘货信息!$B:$B&盘货信息!$C:$C,盘货信息!$O:$O),"\d+"),1,1)&"元优惠券下单更优惠，优惠卷："&_xlfn.XLOOKUP(A13&B13&C13,盘货信息!$A:$A&盘货信息!$B:$B&盘货信息!$C:$C,盘货信息!$P:$P))} | N13: {=IF(AND(ISNUMBER(_xlfn.XLOOKUP(A13&B13&C13,盘货信息!$A:$A&盘货信息!$B:$B&盘货信息!$C:$C,盘货信息!$I:$I)),_xlfn.XLOOKUP(A13&B13&C13,盘货信息!$A:$A&盘货信息!$B:$B&盘货信息!$C:$C,盘货信息!$I:$I)>1),"【88VIP】立减"&_xlfn.XLOOKUP(A13&B13&C13,盘货信息!$A:$A&盘货信息!$B:$B&盘货信息!$C:$C,盘货信息!$I:$I)&"元","")} | O13: {=IF(_xlfn.XLOOKUP(A13&B13&C13,盘货信息!$A:$A&盘货信息!$B:$B&盘货信息!$C:$C,盘货信息!$K:$K)="","",IF(AND(_xlfn.XLOOKUP(A13&B13&C13,盘货信息!$A:$A&盘货信息!$B:$B&盘货信息!$C:$C,盘货信息!$G:$G)="不参加",_xlfn.XLOOKUP(A13&B13&C13,盘货信息!$A:$A&盘货信息!$B:$B&盘货信息!$C:$C,盘货信息!$H:$H)=""),"【以旧换新】"&_xlfn.XLOOKUP(A13&B13&C13,盘货信息!$A:$A&盘货信息!$B:$B&盘货信息!$C:$C,盘货信息!$K:$K)&"元以旧换新补贴（可无旧机换新）",""))} | P13: {=_xlfn.XLOOKUP(A13&B13&C13,赠品!$A:$A&赠品!$B:$B&赠品!$C:$C,赠品!$D:$D)} | Q13: =IF($C13="","",IF(AND(M13="",N13="",P13=""),"",固定信息!$B$1)) | R13: {=IF(ISNUMBER(SEARCH("是",_xlfn.XLOOKUP(A13&B13&C13,盘货信息!$A:$A&盘货信息!$B:$B&盘货信息!$C:$C,盘货信息!$U:$U))),"【折扣】指定型号满2类享96折，满3类享94折","")} | S13: {=IF(_xlfn.XLOOKUP(A13&B13&C13,盘货信息!$A:$A&盘货信息!$B:$B&盘货信息!$C:$C,盘货信息!$Q:$Q)<1,"","【红包】活动时间购机送"&_xlfn.TEXTJOIN("",,IF(ISNUMBER(--MID(_xlfn.XLOOKUP(A13&B13&C13,盘货信息!$A:$A&盘货信息!$B:$B&盘货信息!$C:$C,盘货信息!$Q:$Q),_xlfn.SEQUENCE(LEN(_xlfn.XLOOKUP(A13&B13&C13,盘货信息!$A:$A&盘货信息!$B:$B&盘货信息!$C:$C,盘货信息!$Q:$Q))),1)),MID(_xlfn.XLOOKUP(A13&B13&C13,盘货信息!$A:$A&盘货信息!$B:$B&盘货信息!$C:$C,盘货信息!$Q:$Q),_xlfn.SEQUENCE(LEN(_xlfn.XLOOKUP(A13&B13&C13,盘货信息!$A:$A&盘货信息!$B:$B&盘货信息!$C:$C,盘货信息!$Q:$Q))),1),""))&"元")} | T13: {=IF(ISNUMBER(SEARCH("是",_xlfn.XLOOKUP(A13&B13&C13,盘货信息!$A:$A&盘货信息!$B:$B&盘货信息!$C:$C,盘货信息!$T:$T))),"【瓜分】"&固定信息!$B$7,"")} | U13: =IF($C13="","",IF(AND(R13="",S13="",T13=""),"",固定信息!$B$1)) | V13: {=IF(C13="","","【服务】"&IF(_xlfn.XLOOKUP(A13&B13&C13,盘货信息!$A:$A&盘货信息!$B:$B&盘货信息!$C:$C,盘货信息!$V:$V)="","",_xlfn.XLOOKUP(A13&B13&C13,盘货信息!$A:$A&盘货信息!$B:$B&盘货信息!$C:$C,盘货信息!$V:$V)&"免息,")&IF(_xlfn.XLOOKUP(A13&B13&C13,盘货信息!$A:$A&盘货信息!$B:$B&盘货信息!$C:$C,盘货信息!$W:$W)="","",_xlfn.XLOOKUP(A13&B13&C13,盘货信息!$A:$A&盘货信息!$B:$B&盘货信息!$C:$C,盘货信息!$W:$W)&"，")&"送货入户，退换免运费")}
... A501: =IF(盘货信息!A501="","",盘货信息!A501) | B501: =IF(盘货信息!B501="","",盘货信息!B501) | C501: =IF(盘货信息!C501="","",盘货信息!C501) | D501: =_xlfn.TEXTJOIN(CHAR(10),TRUE,OFFSET(INDIRECT("RC",FALSE),0,1,1,30)) | E501: =IF(C501="","",固定信息!$B$2) | F501: {=IF(C501="","","【"&C501&"】"&_xlfn.XLOOKUP(A501&B501&C501,盘货信息!$A:$A&盘货信息!$B:$B&盘货信息!$C:$C,盘货信息!$D:$D))} | G501: =IF(C501="","","【"&"活动时间："&固定信息!$B$3&"】") | H501: =IF($C501="","",固定信息!$B$1) | J501: {=_xlfn.XLOOKUP(A501&B501&C501,价格信息!$A:$A&价格信息!$B:$B&价格信息!$C:$C,价格信息!$D:$D)} | K501: {=IF(_xlfn.XLOOKUP(A501&B501&C501,价格信息!$A:$A&价格信息!$B:$B&价格信息!$C:$C,价格信息!$I:$I)="","","【优惠券链接】"&固定信息!$B$6)} | L501: =IF($C501="","",固定信息!$B$1) | M501: {=IF(_xlfn.XLOOKUP(A501&B501&C501,盘货信息!$A:$A&盘货信息!$B:$B&盘货信息!$C:$C,盘货信息!$O:$O)="","","【优惠券】领"&INDEX(_wpsfn.REGEXP(_xlfn.XLOOKUP(A501&B501&C501,盘货信息!$A:$A&盘货信息!$B:$B&盘货信息!$C:$C,盘货信息!$O:$O),"\d+"),1,1)&"元优惠券下单更优惠，优惠卷："&_xlfn.XLOOKUP(A501&B501&C501,盘货信息!$A:$A&盘货信息!$B:$B&盘货信息!$C:$C,盘货信息!$P:$P))} | N501: {=IF(AND(ISNUMBER(_xlfn.XLOOKUP(A501&B501&C501,盘货信息!$A:$A&盘货信息!$B:$B&盘货信息!$C:$C,盘货信息!$I:$I)),_xlfn.XLOOKUP(A501&B501&C501,盘货信息!$A:$A&盘货信息!$B:$B&盘货信息!$C:$C,盘货信息!$I:$I)>1),"【88VIP】立减"&_xlfn.XLOOKUP(A501&B501&C501,盘货信息!$A:$A&盘货信息!$B:$B&盘货信息!$C:$C,盘货信息!$I:$I)&"元","")} | O501: {=IF(_xlfn.XLOOKUP(A501&B501&C501,盘货信息!$A:$A&盘货信息!$B:$B&盘货信息!$C:$C,盘货信息!$K:$K)="","",IF(AND(_xlfn.XLOOKUP(A501&B501&C501,盘货信息!$A:$A&盘货信息!$B:$B&盘货信息!$C:$C,盘货信息!$G:$G)="不参加",_xlfn.XLOOKUP(A501&B501&C501,盘货信息!$A:$A&盘货信息!$B:$B&盘货信息!$C:$C,盘货信息!$H:$H)=""),"【以旧换新】"&_xlfn.XLOOKUP(A501&B501&C501,盘货信息!$A:$A&盘货信息!$B:$B&盘货信息!$C:$C,盘货信息!$K:$K)&"元以旧换新补贴（可无旧机换新）",""))} | P501: {=_xlfn.XLOOKUP(A501&B501&C501,赠品!$A:$A&赠品!$B:$B&赠品!$C:$C,赠品!$D:$D)} | Q501: =IF($C501="","",IF(AND(M501="",N501="",P501=""),"",固定信息!$B$1)) | R501: {=IF(ISNUMBER(SEARCH("是",_xlfn.XLOOKUP(A501&B501&C501,盘货信息!$A:$A&盘货信息!$B:$B&盘货信息!$C:$C,盘货信息!$U:$U))),"【折扣】指定型号满2类享96折，满3类享94折","")} | S501: {=IF(_xlfn.XLOOKUP(A501&B501&C501,盘货信息!$A:$A&盘货信息!$B:$B&盘货信息!$C:$C,盘货信息!$Q:$Q)<1,"","【红包】活动时间购机送"&_xlfn.TEXTJOIN("",,IF(ISNUMBER(--MID(_xlfn.XLOOKUP(A501&B501&C501,盘货信息!$A:$A&盘货信息!$B:$B&盘货信息!$C:$C,盘货信息!$Q:$Q),_xlfn.SEQUENCE(LEN(_xlfn.XLOOKUP(A501&B501&C501,盘货信息!$A:$A&盘货信息!$B:$B&盘货信息!$C:$C,盘货信息!$Q:$Q))),1)),MID(_xlfn.XLOOKUP(A501&B501&C501,盘货信息!$A:$A&盘货信息!$B:$B&盘货信息!$C:$C,盘货信息!$Q:$Q),_xlfn.SEQUENCE(LEN(_xlfn.XLOOKUP(A501&B501&C501,盘货信息!$A:$A&盘货信息!$B:$B&盘货信息!$C:$C,盘货信息!$Q:$Q))),1),""))&"元")} | T501: {=IF(ISNUMBER(SEARCH("是",_xlfn.XLOOKUP(A501&B501&C501,盘货信息!$A:$A&盘货信息!$B:$B&盘货信息!$C:$C,盘货信息!$T:$T))),"【瓜分】"&固定信息!$B$7,"")} | U501: =IF($C501="","",IF(AND(R501="",S501="",T501=""),"",固定信息!$B$1)) | V501: {=IF(C501="","","【服务】"&IF(_xlfn.XLOOKUP(A501&B501&C501,盘货信息!$A:$A&盘货信息!$B:$B&盘货信息!$C:$C,盘货信息!$V:$V)="","",_xlfn.XLOOKUP(A501&B501&C501,盘货信息!$A:$A&盘货信息!$B:$B&盘货信息!$C:$C,盘货信息!$V:$V)&"免息,")&IF(_xlfn.XLOOKUP(A501&B501&C501,盘货信息!$A:$A&盘货信息!$B:$B&盘货信息!$C:$C,盘货信息!$W:$W)="","",_xlfn.XLOOKUP(A501&B501&C501,盘货信息!$A:$A&盘货信息!$B:$B&盘货信息!$C:$C,盘货信息!$W:$W)&"，")&"送货入户，退换免运费")}

Sheet 价格信息
A1: =IF(盘货信息!A1="","",盘货信息!A1) -> ID | B1: =IF(盘货信息!B1="","",盘货信息!B1) -> SKUID | C1: =IF(盘货信息!C1="","",盘货信息!C1) -> 型号 | D1: 价格 | E1: 焕新补贴预估价 | F1: 到手价 | G1: 88vip95折 | H1: 优惠券-明券 | I1: 优惠券（金额） | J1: 以旧换新 | K1: 限时补贴 | L1: 主图打标额度 | M1: 是否参加焕新补贴-真国补
A2: =IF(盘货信息!A2="","",盘货信息!A2) | B2: =IF(盘货信息!B2="","",盘货信息!B2) | C2: =IF(盘货信息!C2="","",盘货信息!C2) | D2: =IF(C2="","",E2&"="&F2&IF(G2="","","-"&G2)&IF(H2="","","-"&H2)&IF(I2="","","-"&I2)&IF(J2="","","-"&J2)&IF(K2="","","-"&K2)&IF(L2="","","-"&L2)&IF(M2="","","-"&M2)) | E2: {=IF(C2="","",IF(_xlfn.XLOOKUP(A2&B2&C2,盘货信息!$A:$A&盘货信息!$B:$B&盘货信息!$C:$C,盘货信息!$N:$N)="","【立减到手价"&_xlfn.XLOOKUP(A2&B2&C2,盘货信息!$A:$A&盘货信息!$B:$B&盘货信息!$C:$C,盘货信息!$F:$F)&"元】","【焕新补贴预估价"&_xlfn.XLOOKUP(A2&B2&C2,盘货信息!$A:$A&盘货信息!$B:$B&盘货信息!$C:$C,盘货信息!$N:$N)&"元】"))} | F2: {=IF(C2="","",_xlfn.XLOOKUP(A2&B2&C2,盘货信息!$A:$A&盘货信息!$B:$B&盘货信息!$C:$C,盘货信息!$E:$E)&"元到手价")} | G2: {=IF(C2="","",IF(_xlfn.XLOOKUP(A2&B2&C2,盘货信息!$A:$A&盘货信息!$B:$B&盘货信息!$C:$C,盘货信息!$I:$I)="","","88VIP95折"))} | H2: {=IF(C2="","",IF(_xlfn.XLOOKUP(A2&B2&C2,盘货信息!$A:$A&盘货信息!$B:$B&盘货信息!$C:$C,盘货信息!$J:$J)="","",_xlfn.XLOOKUP(A2&B2&C2,盘货信息!$A:$A&盘货信息!$B:$B&盘货信息!$C:$C,盘货信息!$J:$J)&"元优惠卷"))} | I2: {=IF(C2="","",IF(_xlfn.XLOOKUP(A2&B2&C2,盘货信息!$A:$A&盘货信息!$B:$B&盘货信息!$C:$C,盘货信息!$R:$R)="","",_xlfn.XLOOKUP(A2&B2&C2,盘货信息!$A:$A&盘货信息!$B:$B&盘货信息!$C:$C,盘货信息!$R:$R)&"元优惠卷"))} | J2: {=IF(C2="","",IF(_xlfn.XLOOKUP(A2&B2&C2,盘货信息!$A:$A&盘货信息!$B:$B&盘货信息!$C:$C,盘货信息!$K:$K)="","",IF(OR(_xlfn.XLOOKUP(A2&B2&C2,盘货信息!$A:$A&盘货信息!$B:$B&盘货信息!$C:$C,盘货信息!$G:$G)="参加",_xlfn.XLOOKUP(A2&B2&C2,盘货信息!$A:$A&盘货信息!$B:$B&盘货信息!$C:$C,盘货信息!$H:$H)="1（纯自补）"),_xlfn.XLOOKUP(A2&B2&C2,盘货信息!$A:$A&盘货信息!$B:$B&盘货信息!$C:$C,盘货信息!$K:$K)&"元以旧换新（可无旧机换新）","")))} | K2: {=IF(C2="","",IF(_xlfn.XLOOKUP(A2&B2&C2,盘货信息!$A:$A&盘货信息!$B:$B&盘货信息!$C:$C,盘货信息!$L:$L)="","",_xlfn.XLOOKUP(A2&B2&C2,盘货信息!$A:$A&盘货信息!$B:$B&盘货信息!$C:$C,盘货信息!$L:$L)&"元限时补贴"))} | L2: {=IF(C2="","",IF(_xlfn.XLOOKUP(A2&B2&C2,盘货信息!$A:$A&盘货信息!$B:$B&盘货信息!$C:$C,盘货信息!$M:$M)="","",_xlfn.XLOOKUP(A2&B2&C2,盘货信息!$A:$A&盘货信息!$B:$B&盘货信息!$C:$C,盘货信息!$M:$M)&"元消费券"))} | M2: {=IF(C2="","",IF(_xlfn.XLOOKUP(A2&B2&C2,盘货信息!$A:$A&盘货信息!$B:$B&盘货信息!$C:$C,盘货信息!$G:$G)="不参加","","焕新补贴优惠【全民可用，不限地址】"))}
A3: =IF(盘货信息!A3="","",盘货信息!A3) | B3: =IF(盘货信息!B3="","",盘货信息!B3) | C3: =IF(盘货信息!C3="","",盘货信息!C3) | D3: =IF(C3="","",E3&"="&F3&IF(G3="","","-"&G3)&IF(H3="","","-"&H3)&IF(I3="","","-"&I3)&IF(J3="","","-"&J3)&IF(K3="","","-"&K3)&IF(L3="","","-"&L3)&IF(M3="","","-"&M3)) | E3: {=IF(C3="","",IF(_xlfn.XLOOKUP(A3&B3&C3,盘货信息!$A:$A&盘货信息!$B:$B&盘货信息!$C:$C,盘货信息!$N:$N)="","【立减到手价"&_xlfn.XLOOKUP(A3&B3&C3,盘货信息!$A:$A&盘货信息!$B:$B&盘货信息!$C:$C,盘货信息!$F:$F)&"元】","【焕新补贴预估价"&_xlfn.XLOOKUP(A3&B3&C3,盘货信息!$A:$A&盘货信息!$B:$B&盘货信息!$C:$C,盘货信息!$N:$N)&"元】"))} | F3: {=IF(C3="","",_xlfn.XLOOKUP(A3&B3&C3,盘货信息!$A:$A&盘货信息!$B:$B&盘货信息!$C:$C,盘货信息!$E:$E)&"元到手价")} | G3: {=IF(C3="","",IF(_xlfn.XLOOKUP(A3&B3&C3,盘货信息!$A:$A&盘货信息!$B:$B&盘货信息!$C:$C,盘货信息!$I:$I)="","","88VIP95折"))} | H3: {=IF(C3="","",IF(_xlfn.XLOOKUP(A3&B3&C3,盘货信息!$A:$A&盘货信息!$B:$B&盘货信息!$C:$C,盘货信息!$J:$J)="","",_xlfn.XLOOKUP(A3&B3&C3,盘货信息!$A:$A&盘货信息!$B:$B&盘货信息!$C:$C,盘货信息!$J:$J)&"元优惠卷"))} | I3: {=IF(C3="","",IF(_xlfn.XLOOKUP(A3&B3&C3,盘货信息!$A:$A&盘货信息!$B:$B&盘货信息!$C:$C,盘货信息!$R:$R)="","",_xlfn.XLOOKUP(A3&B3&C3,盘货信息!$A:$A&盘货信息!$B:$B&盘货信息!$C:$C,盘货信息!$R:$R)&"元优惠卷"))} | J3: {=IF(C3="","",IF(_xlfn.XLOOKUP(A3&B3&C3,盘货信息!$A:$A&盘货信息!$B:$B&盘货信息!$C:$C,盘货信息!$K:$K)="","",IF(OR(_xlfn.XLOOKUP(A3&B3&C3,盘货信息!$A:$A&盘货信息!$B:$B&盘货信息!$C:$C,盘货信息!$G:$G)="参加",_xlfn.XLOOKUP(A3&B3&C3,盘货信息!$A:$A&盘货信息!$B:$B&盘货信息!$C:$C,盘货信息!$H:$H)="1（纯自补）"),_xlfn.XLOOKUP(A3&B3&C3,盘货信息!$A:$A&盘货信息!$B:$B&盘货信息!$C:$C,盘货信息!$K:$K)&"元以旧换新（可无旧机换新）","")))} | K3: {=IF(C3="","",IF(_xlfn.XLOOKUP(A3&B3&C3,盘货信息!$A:$A&盘货信息!$B:$B&盘货信息!$C:$C,盘货信息!$L:$L)="","",_xlfn.XLOOKUP(A3&B3&C3,盘货信息!$A:$A&盘货信息!$B:$B&盘货信息!$C:$C,盘货信息!$L:$L)&"元限时补贴"))} | L3: {=IF(C3="","",IF(_xlfn.XLOOKUP(A3&B3&C3,盘货信息!$A:$A&盘货信息!$B:$B&盘货信息!$C:$C,盘货信息!$M:$M)="","",_xlfn.XLOOKUP(A3&B3&C3,盘货信息!$A:$A&盘货信息!$B:$B&盘货信息!$C:$C,盘货信息!$M:$M)&"元消费券"))} | M3: {=IF(C3="","",IF(_xlfn.XLOOKUP(A3&B3&C3,盘货信息!$A:$A&盘货信息!$B:$B&盘货信息!$C:$C,盘货信息!$G:$G)="不参加","","焕新补贴优惠【全民可用，不限地址】"))}
A4: =IF(盘货信息!A4="","",盘货信息!A4) | B4: =IF(盘货信息!B4="","",盘货信息!B4) | C4: =IF(盘货信息!C4="","",盘货信息!C4) | D4: =IF(C4="","",E4&"="&F4&IF(G4="","","-"&G4)&IF(H4="","","-"&H4)&IF(I4="","","-"&I4)&IF(J4="","","-"&J4)&IF(K4="","","-"&K4)&IF(L4="","","-"&L4)&IF(M4="","","-"&M4)) | E4: {=IF(C4="","",IF(_xlfn.XLOOKUP(A4&B4&C4,盘货信息!$A:$A&盘货信息!$B:$B&盘货信息!$C:$C,盘货信息!$N:$N)="","【立减到手价"&_xlfn.XLOOKUP(A4&B4&C4,盘货信息!$A:$A&盘货信息!$B:$B&盘货信息!$C:$C,盘货信息!$F:$F)&"元】","【焕新补贴预估价"&_xlfn.XLOOKUP(A4&B4&C4,盘货信息!$A:$A&盘货信息!$B:$B&盘货信息!$C:$C,盘货信息!$N:$N)&"元】"))} | F4: {=IF(C4="","",_xlfn.XLOOKUP(A4&B4&C4,盘货信息!$A:$A&盘货信息!$B:$B&盘货信息!$C:$C,盘货信息!$E:$E)&"元到手价")} | G4: {=IF(C4="","",IF(_xlfn.XLOOKUP(A4&B4&C4,盘货信息!$A:$A&盘货信息!$B:$B&盘货信息!$C:$C,盘货信息!$I:$I)="","","88VIP95折"))} | H4: {=IF(C4="","",IF(_xlfn.XLOOKUP(A4&B4&C4,盘货信息!$A:$A&盘货信息!$B:$B&盘货信息!$C:$C,盘货信息!$J:$J)="","",_xlfn.XLOOKUP(A4&B4&C4,盘货信息!$A:$A&盘货信息!$B:$B&盘货信息!$C:$C,盘货信息!$J:$J)&"元优惠卷"))} | I4: {=IF(C4="","",IF(_xlfn.XLOOKUP(A4&B4&C4,盘货信息!$A:$A&盘货信息!$B:$B&盘货信息!$C:$C,盘货信息!$R:$R)="","",_xlfn.XLOOKUP(A4&B4&C4,盘货信息!$A:$A&盘货信息!$B:$B&盘货信息!$C:$C,盘货信息!$R:$R)&"元优惠卷"))} | J4: {=IF(C4="","",IF(_xlfn.XLOOKUP(A4&B4&C4,盘货信息!$A:$A&盘货信息!$B:$B&盘货信息!$C:$C,盘货信息!$K:$K)="","",IF(OR(_xlfn.XLOOKUP(A4&B4&C4,盘货信息!$A:$A&盘货信息!$B:$B&盘货信息!$C:$C,盘货信息!$G:$G)="参加",_xlfn.XLOOKUP(A4&B4&C4,盘货信息!$A:$A&盘货信息!$B:$B&盘货信息!$C:$C,盘货信息!$H:$H)="1（纯自补）"),_xlfn.XLOOKUP(A4&B4&C4,盘货信息!$A:$A&盘货信息!$B:$B&盘货信息!$C:$C,盘货信息!$K:$K)&"元以旧换新（可无旧机换新）","")))} | K4: {=IF(C4="","",IF(_xlfn.XLOOKUP(A4&B4&C4,盘货信息!$A:$A&盘货信息!$B:$B&盘货信息!$C:$C,盘货信息!$L:$L)="","",_xlfn.XLOOKUP(A4&B4&C4,盘货信息!$A:$A&盘货信息!$B:$B&盘货信息!$C:$C,盘货信息!$L:$L)&"元限时补贴"))} | L4: {=IF(C4="","",IF(_xlfn.XLOOKUP(A4&B4&C4,盘货信息!$A:$A&盘货信息!$B:$B&盘货信息!$C:$C,盘货信息!$M:$M)="","",_xlfn.XLOOKUP(A4&B4&C4,盘货信息!$A:$A&盘货信息!$B:$B&盘货信息!$C:$C,盘货信息!$M:$M)&"元消费券"))} | M4: {=IF(C4="","",IF(_xlfn.XLOOKUP(A4&B4&C4,盘货信息!$A:$A&盘货信息!$B:$B&盘货信息!$C:$C,盘货信息!$G:$G)="不参加","","焕新补贴优惠【全民可用，不限地址】"))}
A5: =IF(盘货信息!A5="","",盘货信息!A5) | B5: =IF(盘货信息!B5="","",盘货信息!B5) | C5: =IF(盘货信息!C5="","",盘货信息!C5) | D5: =IF(C5="","",E5&"="&F5&IF(G5="","","-"&G5)&IF(H5="","","-"&H5)&IF(I5="","","-"&I5)&IF(J5="","","-"&J5)&IF(K5="","","-"&K5)&IF(L5="","","-"&L5)&IF(M5="","","-"&M5)) | E5: {=IF(C5="","",IF(_xlfn.XLOOKUP(A5&B5&C5,盘货信息!$A:$A&盘货信息!$B:$B&盘货信息!$C:$C,盘货信息!$N:$N)="","【立减到手价"&_xlfn.XLOOKUP(A5&B5&C5,盘货信息!$A:$A&盘货信息!$B:$B&盘货信息!$C:$C,盘货信息!$F:$F)&"元】","【焕新补贴预估价"&_xlfn.XLOOKUP(A5&B5&C5,盘货信息!$A:$A&盘货信息!$B:$B&盘货信息!$C:$C,盘货信息!$N:$N)&"元】"))} | F5: {=IF(C5="","",_xlfn.XLOOKUP(A5&B5&C5,盘货信息!$A:$A&盘货信息!$B:$B&盘货信息!$C:$C,盘货信息!$E:$E)&"元到手价")} | G5: {=IF(C5="","",IF(_xlfn.XLOOKUP(A5&B5&C5,盘货信息!$A:$A&盘货信息!$B:$B&盘货信息!$C:$C,盘货信息!$I:$I)="","","88VIP95折"))} | H5: {=IF(C5="","",IF(_xlfn.XLOOKUP(A5&B5&C5,盘货信息!$A:$A&盘货信息!$B:$B&盘货信息!$C:$C,盘货信息!$J:$J)="","",_xlfn.XLOOKUP(A5&B5&C5,盘货信息!$A:$A&盘货信息!$B:$B&盘货信息!$C:$C,盘货信息!$J:$J)&"元优惠卷"))} | I5: {=IF(C5="","",IF(_xlfn.XLOOKUP(A5&B5&C5,盘货信息!$A:$A&盘货信息!$B:$B&盘货信息!$C:$C,盘货信息!$R:$R)="","",_xlfn.XLOOKUP(A5&B5&C5,盘货信息!$A:$A&盘货信息!$B:$B&盘货信息!$C:$C,盘货信息!$R:$R)&"元优惠卷"))} | J5: {=IF(C5="","",IF(_xlfn.XLOOKUP(A5&B5&C5,盘货信息!$A:$A&盘货信息!$B:$B&盘货信息!$C:$C,盘货信息!$K:$K)="","",IF(OR(_xlfn.XLOOKUP(A5&B5&C5,盘货信息!$A:$A&盘货信息!$B:$B&盘货信息!$C:$C,盘货信息!$G:$G)="参加",_xlfn.XLOOKUP(A5&B5&C5,盘货信息!$A:$A&盘货信息!$B:$B&盘货信息!$C:$C,盘货信息!$H:$H)="1（纯自补）"),_xlfn.XLOOKUP(A5&B5&C5,盘货信息!$A:$A&盘货信息!$B:$B&盘货信息!$C:$C,盘货信息!$K:$K)&"元以旧换新（可无旧机换新）","")))} | K5: {=IF(C5="","",IF(_xlfn.XLOOKUP(A5&B5&C5,盘货信息!$A:$A&盘货信息!$B:$B&盘货信息!$C:$C,盘货信息!$L:$L)="","",_xlfn.XLOOKUP(A5&B5&C5,盘货信息!$A:$A&盘货信息!$B:$B&盘货信息!$C:$C,盘货信息!$L:$L)&"元限时补贴"))} | L5: {=IF(C5="","",IF(_xlfn.XLOOKUP(A5&B5&C5,盘货信息!$A:$A&盘货信息!$B:$B&盘货信息!$C:$C,盘货信息!$M:$M)="","",_xlfn.XLOOKUP(A5&B5&C5,盘货信息!$A:$A&盘货信息!$B:$B&盘货信息!$C:$C,盘货信息!$M:$M)&"元消费券"))} | M5: {=IF(C5="","",IF(_xlfn.XLOOKUP(A5&B5&C5,盘货信息!$A:$A&盘货信息!$B:$B&盘货信息!$C:$C,盘货信息!$G:$G)="不参加","","焕新补贴优惠【全民可用，不限地址】"))}
A6: =IF(盘货信息!A6="","",盘货信息!A6) | B6: =IF(盘货信息!B6="","",盘货信息!B6) | C6: =IF(盘货信息!C6="","",盘货信息!C6) | D6: =IF(C6="","",E6&"="&F6&IF(G6="","","-"&G6)&IF(H6="","","-"&H6)&IF(I6="","","-"&I6)&IF(J6="","","-"&J6)&IF(K6="","","-"&K6)&IF(L6="","","-"&L6)&IF(M6="","","-"&M6)) | E6: {=IF(C6="","",IF(_xlfn.XLOOKUP(A6&B6&C6,盘货信息!$A:$A&盘货信息!$B:$B&盘货信息!$C:$C,盘货信息!$N:$N)="","【立减到手价"&_xlfn.XLOOKUP(A6&B6&C6,盘货信息!$A:$A&盘货信息!$B:$B&盘货信息!$C:$C,盘货信息!$F:$F)&"元】","【焕新补贴预估价"&_xlfn.XLOOKUP(A6&B6&C6,盘货信息!$A:$A&盘货信息!$B:$B&盘货信息!$C:$C,盘货信息!$N:$N)&"元】"))} | F6: {=IF(C6="","",_xlfn.XLOOKUP(A6&B6&C6,盘货信息!$A:$A&盘货信息!$B:$B&盘货信息!$C:$C,盘货信息!$E:$E)&"元到手价")} | G6: {=IF(C6="","",IF(_xlfn.XLOOKUP(A6&B6&C6,盘货信息!$A:$A&盘货信息!$B:$B&盘货信息!$C:$C,盘货信息!$I:$I)="","","88VIP95折"))} | H6: {=IF(C6="","",IF(_xlfn.XLOOKUP(A6&B6&C6,盘货信息!$A:$A&盘货信息!$B:$B&盘货信息!$C:$C,盘货信息!$J:$J)="","",_xlfn.XLOOKUP(A6&B6&C6,盘货信息!$A:$A&盘货信息!$B:$B&盘货信息!$C:$C,盘货信息!$J:$J)&"元优惠卷"))} | I6: {=IF(C6="","",IF(_xlfn.XLOOKUP(A6&B6&C6,盘货信息!$A:$A&盘货信息!$B:$B&盘货信息!$C:$C,盘货信息!$R:$R)="","",_xlfn.XLOOKUP(A6&B6&C6,盘货信息!$A:$A&盘货信息!$B:$B&盘货信息!$C:$C,盘货信息!$R:$R)&"元优惠卷"))} | J6: {=IF(C6="","",IF(_xlfn.XLOOKUP(A6&B6&C6,盘货信息!$A:$A&盘货信息!$B:$B&盘货信息!$C:$C,盘货信息!$K:$K)="","",IF(OR(_xlfn.XLOOKUP(A6&B6&C6,盘货信息!$A:$A&盘货信息!$B:$B&盘货信息!$C:$C,盘货信息!$G:$G)="参加",_xlfn.XLOOKUP(A6&B6&C6,盘货信息!$A:$A&盘货信息!$B:$B&盘货信息!$C:$C,盘货信息!$H:$H)="1（纯自补）"),_xlfn.XLOOKUP(A6&B6&C6,盘货信息!$A:$A&盘货信息!$B:$B&盘货信息!$C:$C,盘货信息!$K:$K)&"元以旧换新（可无旧机换新）","")))} | K6: {=IF(C6="","",IF(_xlfn.XLOOKUP(A6&B6&C6,盘货信息!$A:$A&盘货信息!$B:$B&盘货信息!$C:$C,盘货信息!$L:$L)="","",_xlfn.XLOOKUP(A6&B6&C6,盘货信息!$A:$A&盘货信息!$B:$B&盘货信息!$C:$C,盘货信息!$L:$L)&"元限时补贴"))} | L6: {=IF(C6="","",IF(_xlfn.XLOOKUP(A6&B6&C6,盘货信息!$A:$A&盘货信息!$B:$B&盘货信息!$C:$C,盘货信息!$M:$M)="","",_xlfn.XLOOKUP(A6&B6&C6,盘货信息!$A:$A&盘货信息!$B:$B&盘货信息!$C:$C,盘货信息!$M:$M)&"元消费券"))} | M6: {=IF(C6="","",IF(_xlfn.XLOOKUP(A6&B6&C6,盘货信息!$A:$A&盘货信息!$B:$B&盘货信息!$C:$C,盘货信息!$G:$G)="不参加","","焕新补贴优惠【全民可用，不限地址】"))}
A7: =IF(盘货信息!A7="","",盘货信息!A7) | B7: =IF(盘货信息!B7="","",盘货信息!B7) | C7: =IF(盘货信息!C7="","",盘货信息!C7) | D7: =IF(C7="","",E7&"="&F7&IF(G7="","","-"&G7)&IF(H7="","","-"&H7)&IF(I7="","","-"&I7)&IF(J7="","","-"&J7)&IF(K7="","","-"&K7)&IF(L7="","","-"&L7)&IF(M7="","","-"&M7)) | E7: {=IF(C7="","",IF(_xlfn.XLOOKUP(A7&B7&C7,盘货信息!$A:$A&盘货信息!$B:$B&盘货信息!$C:$C,盘货信息!$N:$N)="","【立减到手价"&_xlfn.XLOOKUP(A7&B7&C7,盘货信息!$A:$A&盘货信息!$B:$B&盘货信息!$C:$C,盘货信息!$F:$F)&"元】","【焕新补贴预估价"&_xlfn.XLOOKUP(A7&B7&C7,盘货信息!$A:$A&盘货信息!$B:$B&盘货信息!$C:$C,盘货信息!$N:$N)&"元】"))} | F7: {=IF(C7="","",_xlfn.XLOOKUP(A7&B7&C7,盘货信息!$A:$A&盘货信息!$B:$B&盘货信息!$C:$C,盘货信息!$E:$E)&"元到手价")} | G7: {=IF(C7="","",IF(_xlfn.XLOOKUP(A7&B7&C7,盘货信息!$A:$A&盘货信息!$B:$B&盘货信息!$C:$C,盘货信息!$I:$I)="","","88VIP95折"))} | H7: {=IF(C7="","",IF(_xlfn.XLOOKUP(A7&B7&C7,盘货信息!$A:$A&盘货信息!$B:$B&盘货信息!$C:$C,盘货信息!$J:$J)="","",_xlfn.XLOOKUP(A7&B7&C7,盘货信息!$A:$A&盘货信息!$B:$B&盘货信息!$C:$C,盘货信息!$J:$J)&"元优惠卷"))} | I7: {=IF(C7="","",IF(_xlfn.XLOOKUP(A7&B7&C7,盘货信息!$A:$A&盘货信息!$B:$B&盘货信息!$C:$C,盘货信息!$R:$R)="","",_xlfn.XLOOKUP(A7&B7&C7,盘货信息!$A:$A&盘货信息!$B:$B&盘货信息!$C:$C,盘货信息!$R:$R)&"元优惠卷"))} | J7: {=IF(C7="","",IF(_xlfn.XLOOKUP(A7&B7&C7,盘货信息!$A:$A&盘货信息!$B:$B&盘货信息!$C:$C,盘货信息!$K:$K)="","",IF(OR(_xlfn.XLOOKUP(A7&B7&C7,盘货信息!$A:$A&盘货信息!$B:$B&盘货信息!$C:$C,盘货信息!$G:$G)="参加",_xlfn.XLOOKUP(A7&B7&C7,盘货信息!$A:$A&盘货信息!$B:$B&盘货信息!$C:$C,盘货信息!$H:$H)="1（纯自补）"),_xlfn.XLOOKUP(A7&B7&C7,盘货信息!$A:$A&盘货信息!$B:$B&盘货信息!$C:$C,盘货信息!$K:$K)&"元以旧换新（可无旧机换新）","")))} | K7: {=IF(C7="","",IF(_xlfn.XLOOKUP(A7&B7&C7,盘货信息!$A:$A&盘货信息!$B:$B&盘货信息!$C:$C,盘货信息!$L:$L)="","",_xlfn.XLOOKUP(A7&B7&C7,盘货信息!$A:$A&盘货信息!$B:$B&盘货信息!$C:$C,盘货信息!$L:$L)&"元限时补贴"))} | L7: {=IF(C7="","",IF(_xlfn.XLOOKUP(A7&B7&C7,盘货信息!$A:$A&盘货信息!$B:$B&盘货信息!$C:$C,盘货信息!$M:$M)="","",_xlfn.XLOOKUP(A7&B7&C7,盘货信息!$A:$A&盘货信息!$B:$B&盘货信息!$C:$C,盘货信息!$M:$M)&"元消费券"))} | M7: {=IF(C7="","",IF(_xlfn.XLOOKUP(A7&B7&C7,盘货信息!$A:$A&盘货信息!$B:$B&盘货信息!$C:$C,盘货信息!$G:$G)="不参加","","焕新补贴优惠【全民可用，不限地址】"))}
A8: =IF(盘货信息!A8="","",盘货信息!A8) | B8: =IF(盘货信息!B8="","",盘货信息!B8) | C8: =IF(盘货信息!C8="","",盘货信息!C8) | D8: =IF(C8="","",E8&"="&F8&IF(G8="","","-"&G8)&IF(H8="","","-"&H8)&IF(I8="","","-"&I8)&IF(J8="","","-"&J8)&IF(K8="","","-"&K8)&IF(L8="","","-"&L8)&IF(M8="","","-"&M8)) | E8: {=IF(C8="","",IF(_xlfn.XLOOKUP(A8&B8&C8,盘货信息!$A:$A&盘货信息!$B:$B&盘货信息!$C:$C,盘货信息!$N:$N)="","【立减到手价"&_xlfn.XLOOKUP(A8&B8&C8,盘货信息!$A:$A&盘货信息!$B:$B&盘货信息!$C:$C,盘货信息!$F:$F)&"元】","【焕新补贴预估价"&_xlfn.XLOOKUP(A8&B8&C8,盘货信息!$A:$A&盘货信息!$B:$B&盘货信息!$C:$C,盘货信息!$N:$N)&"元】"))} | F8: {=IF(C8="","",_xlfn.XLOOKUP(A8&B8&C8,盘货信息!$A:$A&盘货信息!$B:$B&盘货信息!$C:$C,盘货信息!$E:$E)&"元到手价")} | G8: {=IF(C8="","",IF(_xlfn.XLOOKUP(A8&B8&C8,盘货信息!$A:$A&盘货信息!$B:$B&盘货信息!$C:$C,盘货信息!$I:$I)="","","88VIP95折"))} | H8: {=IF(C8="","",IF(_xlfn.XLOOKUP(A8&B8&C8,盘货信息!$A:$A&盘货信息!$B:$B&盘货信息!$C:$C,盘货信息!$J:$J)="","",_xlfn.XLOOKUP(A8&B8&C8,盘货信息!$A:$A&盘货信息!$B:$B&盘货信息!$C:$C,盘货信息!$J:$J)&"元优惠卷"))} | I8: {=IF(C8="","",IF(_xlfn.XLOOKUP(A8&B8&C8,盘货信息!$A:$A&盘货信息!$B:$B&盘货信息!$C:$C,盘货信息!$R:$R)="","",_xlfn.XLOOKUP(A8&B8&C8,盘货信息!$A:$A&盘货信息!$B:$B&盘货信息!$C:$C,盘货信息!$R:$R)&"元优惠卷"))} | J8: {=IF(C8="","",IF(_xlfn.XLOOKUP(A8&B8&C8,盘货信息!$A:$A&盘货信息!$B:$B&盘货信息!$C:$C,盘货信息!$K:$K)="","",IF(OR(_xlfn.XLOOKUP(A8&B8&C8,盘货信息!$A:$A&盘货信息!$B:$B&盘货信息!$C:$C,盘货信息!$G:$G)="参加",_xlfn.XLOOKUP(A8&B8&C8,盘货信息!$A:$A&盘货信息!$B:$B&盘货信息!$C:$C,盘货信息!$H:$H)="1（纯自补）"),_xlfn.XLOOKUP(A8&B8&C8,盘货信息!$A:$A&盘货信息!$B:$B&盘货信息!$C:$C,盘货信息!$K:$K)&"元以旧换新（可无旧机换新）","")))} | K8: {=IF(C8="","",IF(_xlfn.XLOOKUP(A8&B8&C8,盘货信息!$A:$A&盘货信息!$B:$B&盘货信息!$C:$C,盘货信息!$L:$L)="","",_xlfn.XLOOKUP(A8&B8&C8,盘货信息!$A:$A&盘货信息!$B:$B&盘货信息!$C:$C,盘货信息!$L:$L)&"元限时补贴"))} | L8: {=IF(C8="","",IF(_xlfn.XLOOKUP(A8&B8&C8,盘货信息!$A:$A&盘货信息!$B:$B&盘货信息!$C:$C,盘货信息!$M:$M)="","",_xlfn.XLOOKUP(A8&B8&C8,盘货信息!$A:$A&盘货信息!$B:$B&盘货信息!$C:$C,盘货信息!$M:$M)&"元消费券"))} | M8: {=IF(C8="","",IF(_xlfn.XLOOKUP(A8&B8&C8,盘货信息!$A:$A&盘货信息!$B:$B&盘货信息!$C:$C,盘货信息!$G:$G)="不参加","","焕新补贴优惠【全民可用，不限地址】"))}
A9: =IF(盘货信息!A9="","",盘货信息!A9) | B9: =IF(盘货信息!B9="","",盘货信息!B9) | C9: =IF(盘货信息!C9="","",盘货信息!C9) | D9: =IF(C9="","",E9&"="&F9&IF(G9="","","-"&G9)&IF(H9="","","-"&H9)&IF(I9="","","-"&I9)&IF(J9="","","-"&J9)&IF(K9="","","-"&K9)&IF(L9="","","-"&L9)&IF(M9="","","-"&M9)) | E9: {=IF(C9="","",IF(_xlfn.XLOOKUP(A9&B9&C9,盘货信息!$A:$A&盘货信息!$B:$B&盘货信息!$C:$C,盘货信息!$N:$N)="","【立减到手价"&_xlfn.XLOOKUP(A9&B9&C9,盘货信息!$A:$A&盘货信息!$B:$B&盘货信息!$C:$C,盘货信息!$F:$F)&"元】","【焕新补贴预估价"&_xlfn.XLOOKUP(A9&B9&C9,盘货信息!$A:$A&盘货信息!$B:$B&盘货信息!$C:$C,盘货信息!$N:$N)&"元】"))} | F9: {=IF(C9="","",_xlfn.XLOOKUP(A9&B9&C9,盘货信息!$A:$A&盘货信息!$B:$B&盘货信息!$C:$C,盘货信息!$E:$E)&"元到手价")} | G9: {=IF(C9="","",IF(_xlfn.XLOOKUP(A9&B9&C9,盘货信息!$A:$A&盘货信息!$B:$B&盘货信息!$C:$C,盘货信息!$I:$I)="","","88VIP95折"))} | H9: {=IF(C9="","",IF(_xlfn.XLOOKUP(A9&B9&C9,盘货信息!$A:$A&盘货信息!$B:$B&盘货信息!$C:$C,盘货信息!$J:$J)="","",_xlfn.XLOOKUP(A9&B9&C9,盘货信息!$A:$A&盘货信息!$B:$B&盘货信息!$C:$C,盘货信息!$J:$J)&"元优惠卷"))} | I9: {=IF(C9="","",IF(_xlfn.XLOOKUP(A9&B9&C9,盘货信息!$A:$A&盘货信息!$B:$B&盘货信息!$C:$C,盘货信息!$R:$R)="","",_xlfn.XLOOKUP(A9&B9&C9,盘货信息!$A:$A&盘货信息!$B:$B&盘货信息!$C:$C,盘货信息!$R:$R)&"元优惠卷"))} | J9: {=IF(C9="","",IF(_xlfn.XLOOKUP(A9&B9&C9,盘货信息!$A:$A&盘货信息!$B:$B&盘货信息!$C:$C,盘货信息!$K:$K)="","",IF(OR(_xlfn.XLOOKUP(A9&B9&C9,盘货信息!$A:$A&盘货信息!$B:$B&盘货信息!$C:$C,盘货信息!$G:$G)="参加",_xlfn.XLOOKUP(A9&B9&C9,盘货信息!$A:$A&盘货信息!$B:$B&盘货信息!$C:$C,盘货信息!$H:$H)="1（纯自补）"),_xlfn.XLOOKUP(A9&B9&C9,盘货信息!$A:$A&盘货信息!$B:$B&盘货信息!$C:$C,盘货信息!$K:$K)&"元以旧换新（可无旧机换新）","")))} | K9: {=IF(C9="","",IF(_xlfn.XLOOKUP(A9&B9&C9,盘货信息!$A:$A&盘货信息!$B:$B&盘货信息!$C:$C,盘货信息!$L:$L)="","",_xlfn.XLOOKUP(A9&B9&C9,盘货信息!$A:$A&盘货信息!$B:$B&盘货信息!$C:$C,盘货信息!$L:$L)&"元限时补贴"))} | L9: {=IF(C9="","",IF(_xlfn.XLOOKUP(A9&B9&C9,盘货信息!$A:$A&盘货信息!$B:$B&盘货信息!$C:$C,盘货信息!$M:$M)="","",_xlfn.XLOOKUP(A9&B9&C9,盘货信息!$A:$A&盘货信息!$B:$B&盘货信息!$C:$C,盘货信息!$M:$M)&"元消费券"))} | M9: {=IF(C9="","",IF(_xlfn.XLOOKUP(A9&B9&C9,盘货信息!$A:$A&盘货信息!$B:$B&盘货信息!$C:$C,盘货信息!$G:$G)="不参加","","焕新补贴优惠【全民可用，不限地址】"))}
A10: =IF(盘货信息!A10="","",盘货信息!A10) | B10: =IF(盘货信息!B10="","",盘货信息!B10) | C10: =IF(盘货信息!C10="","",盘货信息!C10) | D10: =IF(C10="","",E10&"="&F10&IF(G10="","","-"&G10)&IF(H10="","","-"&H10)&IF(I10="","","-"&I10)&IF(J10="","","-"&J10)&IF(K10="","","-"&K10)&IF(L10="","","-"&L10)&IF(M10="","","-"&M10)) | E10: {=IF(C10="","",IF(_xlfn.XLOOKUP(A10&B10&C10,盘货信息!$A:$A&盘货信息!$B:$B&盘货信息!$C:$C,盘货信息!$N:$N)="","【立减到手价"&_xlfn.XLOOKUP(A10&B10&C10,盘货信息!$A:$A&盘货信息!$B:$B&盘货信息!$C:$C,盘货信息!$F:$F)&"元】","【焕新补贴预估价"&_xlfn.XLOOKUP(A10&B10&C10,盘货信息!$A:$A&盘货信息!$B:$B&盘货信息!$C:$C,盘货信息!$N:$N)&"元】"))} | F10: {=IF(C10="","",_xlfn.XLOOKUP(A10&B10&C10,盘货信息!$A:$A&盘货信息!$B:$B&盘货信息!$C:$C,盘货信息!$E:$E)&"元到手价")} | G10: {=IF(C10="","",IF(_xlfn.XLOOKUP(A10&B10&C10,盘货信息!$A:$A&盘货信息!$B:$B&盘货信息!$C:$C,盘货信息!$I:$I)="","","88VIP95折"))} | H10: {=IF(C10="","",IF(_xlfn.XLOOKUP(A10&B10&C10,盘货信息!$A:$A&盘货信息!$B:$B&盘货信息!$C:$C,盘货信息!$J:$J)="","",_xlfn.XLOOKUP(A10&B10&C10,盘货信息!$A:$A&盘货信息!$B:$B&盘货信息!$C:$C,盘货信息!$J:$J)&"元优惠卷"))} | I10: {=IF(C10="","",IF(_xlfn.XLOOKUP(A10&B10&C10,盘货信息!$A:$A&盘货信息!$B:$B&盘货信息!$C:$C,盘货信息!$R:$R)="","",_xlfn.XLOOKUP(A10&B10&C10,盘货信息!$A:$A&盘货信息!$B:$B&盘货信息!$C:$C,盘货信息!$R:$R)&"元优惠卷"))} | J10: {=IF(C10="","",IF(_xlfn.XLOOKUP(A10&B10&C10,盘货信息!$A:$A&盘货信息!$B:$B&盘货信息!$C:$C,盘货信息!$K:$K)="","",IF(OR(_xlfn.XLOOKUP(A10&B10&C10,盘货信息!$A:$A&盘货信息!$B:$B&盘货信息!$C:$C,盘货信息!$G:$G)="参加",_xlfn.XLOOKUP(A10&B10&C10,盘货信息!$A:$A&盘货信息!$B:$B&盘货信息!$C:$C,盘货信息!$H:$H)="1（纯自补）"),_xlfn.XLOOKUP(A10&B10&C10,盘货信息!$A:$A&盘货信息!$B:$B&盘货信息!$C:$C,盘货信息!$K:$K)&"元以旧换新（可无旧机换新）","")))} | K10: {=IF(C10="","",IF(_xlfn.XLOOKUP(A10&B10&C10,盘货信息!$A:$A&盘货信息!$B:$B&盘货信息!$C:$C,盘货信息!$L:$L)="","",_xlfn.XLOOKUP(A10&B10&C10,盘货信息!$A:$A&盘货信息!$B:$B&盘货信息!$C:$C,盘货信息!$L:$L)&"元限时补贴"))} | L10: {=IF(C10="","",IF(_xlfn.XLOOKUP(A10&B10&C10,盘货信息!$A:$A&盘货信息!$B:$B&盘货信息!$C:$C,盘货信息!$M:$M)="","",_xlfn.XLOOKUP(A10&B10&C10,盘货信息!$A:$A&盘货信息!$B:$B&盘货信息!$C:$C,盘货信息!$M:$M)&"元消费券"))} | M10: {=IF(C10="","",IF(_xlfn.XLOOKUP(A10&B10&C10,盘货信息!$A:$A&盘货信息!$B:$B&盘货信息!$C:$C,盘货信息!$G:$G)="不参加","","焕新补贴优惠【全民可用，不限地址】"))}
A11: =IF(盘货信息!A11="","",盘货信息!A11) | B11: =IF(盘货信息!B11="","",盘货信息!B11) | C11: =IF(盘货信息!C11="","",盘货信息!C11) | D11: =IF(C11="","",E11&"="&F11&IF(G11="","","-"&G11)&IF(H11="","","-"&H11)&IF(I11="","","-"&I11)&IF(J11="","","-"&J11)&IF(K11="","","-"&K11)&IF(L11="","","-"&L11)&IF(M11="","","-"&M11)) | E11: {=IF(C11="","",IF(_xlfn.XLOOKUP(A11&B11&C11,盘货信息!$A:$A&盘货信息!$B:$B&盘货信息!$C:$C,盘货信息!$N:$N)="","【立减到手价"&_xlfn.XLOOKUP(A11&B11&C11,盘货信息!$A:$A&盘货信息!$B:$B&盘货信息!$C:$C,盘货信息!$F:$F)&"元】","【焕新补贴预估价"&_xlfn.XLOOKUP(A11&B11&C11,盘货信息!$A:$A&盘货信息!$B:$B&盘货信息!$C:$C,盘货信息!$N:$N)&"元】"))} | F11: {=IF(C11="","",_xlfn.XLOOKUP(A11&B11&C11,盘货信息!$A:$A&盘货信息!$B:$B&盘货信息!$C:$C,盘货信息!$E:$E)&"元到手价")} | G11: {=IF(C11="","",IF(_xlfn.XLOOKUP(A11&B11&C11,盘货信息!$A:$A&盘货信息!$B:$B&盘货信息!$C:$C,盘货信息!$I:$I)="","","88VIP95折"))} | H11: {=IF(C11="","",IF(_xlfn.XLOOKUP(A11&B11&C11,盘货信息!$A:$A&盘货信息!$B:$B&盘货信息!$C:$C,盘货信息!$J:$J)="","",_xlfn.XLOOKUP(A11&B11&C11,盘货信息!$A:$A&盘货信息!$B:$B&盘货信息!$C:$C,盘货信息!$J:$J)&"元优惠卷"))} | I11: {=IF(C11="","",IF(_xlfn.XLOOKUP(A11&B11&C11,盘货信息!$A:$A&盘货信息!$B:$B&盘货信息!$C:$C,盘货信息!$R:$R)="","",_xlfn.XLOOKUP(A11&B11&C11,盘货信息!$A:$A&盘货信息!$B:$B&盘货信息!$C:$C,盘货信息!$R:$R)&"元优惠卷"))} | J11: {=IF(C11="","",IF(_xlfn.XLOOKUP(A11&B11&C11,盘货信息!$A:$A&盘货信息!$B:$B&盘货信息!$C:$C,盘货信息!$K:$K)="","",IF(OR(_xlfn.XLOOKUP(A11&B11&C11,盘货信息!$A:$A&盘货信息!$B:$B&盘货信息!$C:$C,盘货信息!$G:$G)="参加",_xlfn.XLOOKUP(A11&B11&C11,盘货信息!$A:$A&盘货信息!$B:$B&盘货信息!$C:$C,盘货信息!$H:$H)="1（纯自补）"),_xlfn.XLOOKUP(A11&B11&C11,盘货信息!$A:$A&盘货信息!$B:$B&盘货信息!$C:$C,盘货信息!$K:$K)&"元以旧换新（可无旧机换新）","")))} | K11: {=IF(C11="","",IF(_xlfn.XLOOKUP(A11&B11&C11,盘货信息!$A:$A&盘货信息!$B:$B&盘货信息!$C:$C,盘货信息!$L:$L)="","",_xlfn.XLOOKUP(A11&B11&C11,盘货信息!$A:$A&盘货信息!$B:$B&盘货信息!$C:$C,盘货信息!$L:$L)&"元限时补贴"))} | L11: {=IF(C11="","",IF(_xlfn.XLOOKUP(A11&B11&C11,盘货信息!$A:$A&盘货信息!$B:$B&盘货信息!$C:$C,盘货信息!$M:$M)="","",_xlfn.XLOOKUP(A11&B11&C11,盘货信息!$A:$A&盘货信息!$B:$B&盘货信息!$C:$C,盘货信息!$M:$M)&"元消费券"))} | M11: {=IF(C11="","",IF(_xlfn.XLOOKUP(A11&B11&C11,盘货信息!$A:$A&盘货信息!$B:$B&盘货信息!$C:$C,盘货信息!$G:$G)="不参加","","焕新补贴优惠【全民可用，不限地址】"))}
A12: =IF(盘货信息!A12="","",盘货信息!A12) | B12: =IF(盘货信息!B12="","",盘货信息!B12) | C12: =IF(盘货信息!C12="","",盘货信息!C12) | D12: =IF(C12="","",E12&"="&F12&IF(G12="","","-"&G12)&IF(H12="","","-"&H12)&IF(I12="","","-"&I12)&IF(J12="","","-"&J12)&IF(K12="","","-"&K12)&IF(L12="","","-"&L12)&IF(M12="","","-"&M12)) | E12: {=IF(C12="","",IF(_xlfn.XLOOKUP(A12&B12&C12,盘货信息!$A:$A&盘货信息!$B:$B&盘货信息!$C:$C,盘货信息!$N:$N)="","【立减到手价"&_xlfn.XLOOKUP(A12&B12&C12,盘货信息!$A:$A&盘货信息!$B:$B&盘货信息!$C:$C,盘货信息!$F:$F)&"元】","【焕新补贴预估价"&_xlfn.XLOOKUP(A12&B12&C12,盘货信息!$A:$A&盘货信息!$B:$B&盘货信息!$C:$C,盘货信息!$N:$N)&"元】"))} | F12: {=IF(C12="","",_xlfn.XLOOKUP(A12&B12&C12,盘货信息!$A:$A&盘货信息!$B:$B&盘货信息!$C:$C,盘货信息!$E:$E)&"元到手价")} | G12: {=IF(C12="","",IF(_xlfn.XLOOKUP(A12&B12&C12,盘货信息!$A:$A&盘货信息!$B:$B&盘货信息!$C:$C,盘货信息!$I:$I)="","","88VIP95折"))} | H12: {=IF(C12="","",IF(_xlfn.XLOOKUP(A12&B12&C12,盘货信息!$A:$A&盘货信息!$B:$B&盘货信息!$C:$C,盘货信息!$J:$J)="","",_xlfn.XLOOKUP(A12&B12&C12,盘货信息!$A:$A&盘货信息!$B:$B&盘货信息!$C:$C,盘货信息!$J:$J)&"元优惠卷"))} | I12: {=IF(C12="","",IF(_xlfn.XLOOKUP(A12&B12&C12,盘货信息!$A:$A&盘货信息!$B:$B&盘货信息!$C:$C,盘货信息!$R:$R)="","",_xlfn.XLOOKUP(A12&B12&C12,盘货信息!$A:$A&盘货信息!$B:$B&盘货信息!$C:$C,盘货信息!$R:$R)&"元优惠卷"))} | J12: {=IF(C12="","",IF(_xlfn.XLOOKUP(A12&B12&C12,盘货信息!$A:$A&盘货信息!$B:$B&盘货信息!$C:$C,盘货信息!$K:$K)="","",IF(OR(_xlfn.XLOOKUP(A12&B12&C12,盘货信息!$A:$A&盘货信息!$B:$B&盘货信息!$C:$C,盘货信息!$G:$G)="参加",_xlfn.XLOOKUP(A12&B12&C12,盘货信息!$A:$A&盘货信息!$B:$B&盘货信息!$C:$C,盘货信息!$H:$H)="1（纯自补）"),_xlfn.XLOOKUP(A12&B12&C12,盘货信息!$A:$A&盘货信息!$B:$B&盘货信息!$C:$C,盘货信息!$K:$K)&"元以旧换新（可无旧机换新）","")))} | K12: {=IF(C12="","",IF(_xlfn.XLOOKUP(A12&B12&C12,盘货信息!$A:$A&盘货信息!$B:$B&盘货信息!$C:$C,盘货信息!$L:$L)="","",_xlfn.XLOOKUP(A12&B12&C12,盘货信息!$A:$A&盘货信息!$B:$B&盘货信息!$C:$C,盘货信息!$L:$L)&"元限时补贴"))} | L12: {=IF(C12="","",IF(_xlfn.XLOOKUP(A12&B12&C12,盘货信息!$A:$A&盘货信息!$B:$B&盘货信息!$C:$C,盘货信息!$M:$M)="","",_xlfn.XLOOKUP(A12&B12&C12,盘货信息!$A:$A&盘货信息!$B:$B&盘货信息!$C:$C,盘货信息!$M:$M)&"元消费券"))} | M12: {=IF(C12="","",IF(_xlfn.XLOOKUP(A12&B12&C12,盘货信息!$A:$A&盘货信息!$B:$B&盘货信息!$C:$C,盘货信息!$G:$G)="不参加","","焕新补贴优惠【全民可用，不限地址】"))}
A13: =IF(盘货信息!A13="","",盘货信息!A13) | B13: =IF(盘货信息!B13="","",盘货信息!B13) | C13: =IF(盘货信息!C13="","",盘货信息!C13) | D13: =IF(C13="","",E13&"="&F13&IF(G13="","","-"&G13)&IF(H13="","","-"&H13)&IF(I13="","","-"&I13)&IF(J13="","","-"&J13)&IF(K13="","","-"&K13)&IF(L13="","","-"&L13)&IF(M13="","","-"&M13)) | E13: {=IF(C13="","",IF(_xlfn.XLOOKUP(A13&B13&C13,盘货信息!$A:$A&盘货信息!$B:$B&盘货信息!$C:$C,盘货信息!$N:$N)="","【立减到手价"&_xlfn.XLOOKUP(A13&B13&C13,盘货信息!$A:$A&盘货信息!$B:$B&盘货信息!$C:$C,盘货信息!$F:$F)&"元】","【焕新补贴预估价"&_xlfn.XLOOKUP(A13&B13&C13,盘货信息!$A:$A&盘货信息!$B:$B&盘货信息!$C:$C,盘货信息!$N:$N)&"元】"))} | F13: {=IF(C13="","",_xlfn.XLOOKUP(A13&B13&C13,盘货信息!$A:$A&盘货信息!$B:$B&盘货信息!$C:$C,盘货信息!$E:$E)&"元到手价")} | G13: {=IF(C13="","",IF(_xlfn.XLOOKUP(A13&B13&C13,盘货信息!$A:$A&盘货信息!$B:$B&盘货信息!$C:$C,盘货信息!$I:$I)="","","88VIP95折"))} | H13: {=IF(C13="","",IF(_xlfn.XLOOKUP(A13&B13&C13,盘货信息!$A:$A&盘货信息!$B:$B&盘货信息!$C:$C,盘货信息!$J:$J)="","",_xlfn.XLOOKUP(A13&B13&C13,盘货信息!$A:$A&盘货信息!$B:$B&盘货信息!$C:$C,盘货信息!$J:$J)&"元优惠卷"))} | I13: {=IF(C13="","",IF(_xlfn.XLOOKUP(A13&B13&C13,盘货信息!$A:$A&盘货信息!$B:$B&盘货信息!$C:$C,盘货信息!$R:$R)="","",_xlfn.XLOOKUP(A13&B13&C13,盘货信息!$A:$A&盘货信息!$B:$B&盘货信息!$C:$C,盘货信息!$R:$R)&"元优惠卷"))} | J13: {=IF(C13="","",IF(_xlfn.XLOOKUP(A13&B13&C13,盘货信息!$A:$A&盘货信息!$B:$B&盘货信息!$C:$C,盘货信息!$K:$K)="","",IF(OR(_xlfn.XLOOKUP(A13&B13&C13,盘货信息!$A:$A&盘货信息!$B:$B&盘货信息!$C:$C,盘货信息!$G:$G)="参加",_xlfn.XLOOKUP(A13&B13&C13,盘货信息!$A:$A&盘货信息!$B:$B&盘货信息!$C:$C,盘货信息!$H:$H)="1（纯自补）"),_xlfn.XLOOKUP(A13&B13&C13,盘货信息!$A:$A&盘货信息!$B:$B&盘货信息!$C:$C,盘货信息!$K:$K)&"元以旧换新（可无旧机换新）","")))} | K13: {=IF(C13="","",IF(_xlfn.XLOOKUP(A13&B13&C13,盘货信息!$A:$A&盘货信息!$B:$B&盘货信息!$C:$C,盘货信息!$L:$L)="","",_xlfn.XLOOKUP(A13&B13&C13,盘货信息!$A:$A&盘货信息!$B:$B&盘货信息!$C:$C,盘货信息!$L:$L)&"元限时补贴"))} | L13: {=IF(C13="","",IF(_xlfn.XLOOKUP(A13&B13&C13,盘货信息!$A:$A&盘货信息!$B:$B&盘货信息!$C:$C,盘货信息!$M:$M)="","",_xlfn.XLOOKUP(A13&B13&C13,盘货信息!$A:$A&盘货信息!$B:$B&盘货信息!$C:$C,盘货信息!$M:$M)&"元消费券"))} | M13: {=IF(C13="","",IF(_xlfn.XLOOKUP(A13&B13&C13,盘货信息!$A:$A&盘货信息!$B:$B&盘货信息!$C:$C,盘货信息!$G:$G)="不参加","","焕新补贴优惠【全民可用，不限地址】"))}
... A501: =IF(盘货信息!A501="","",盘货信息!A501) | B501: =IF(盘货信息!B501="","",盘货信息!B501) | C501: =IF(盘货信息!C501="","",盘货信息!C501) | D501: =IF(C501="","",E501&"="&F501&IF(G501="","","-"&G501)&IF(H501="","","-"&H501)&IF(I501="","","-"&I501)&IF(J501="","","-"&J501)&IF(K501="","","-"&K501)&IF(L501="","","-"&L501)&IF(M501="","","-"&M501)) | E501: {=IF(C501="","",IF(_xlfn.XLOOKUP(A501&B501&C501,盘货信息!$A:$A&盘货信息!$B:$B&盘货信息!$C:$C,盘货信息!$N:$N)="","【立减到手价"&_xlfn.XLOOKUP(A501&B501&C501,盘货信息!$A:$A&盘货信息!$B:$B&盘货信息!$C:$C,盘货信息!$F:$F)&"元】","【焕新补贴预估价"&_xlfn.XLOOKUP(A501&B501&C501,盘货信息!$A:$A&盘货信息!$B:$B&盘货信息!$C:$C,盘货信息!$N:$N)&"元】"))} | F501: {=IF(C501="","",_xlfn.XLOOKUP(A501&B501&C501,盘货信息!$A:$A&盘货信息!$B:$B&盘货信息!$C:$C,盘货信息!$E:$E)&"元到手价")} | G501: {=IF(C501="","",IF(_xlfn.XLOOKUP(A501&B501&C501,盘货信息!$A:$A&盘货信息!$B:$B&盘货信息!$C:$C,盘货信息!$I:$I)="","","88VIP95折"))} | H501: {=IF(C501="","",IF(_xlfn.XLOOKUP(A501&B501&C501,盘货信息!$A:$A&盘货信息!$B:$B&盘货信息!$C:$C,盘货信息!$J:$J)="","",_xlfn.XLOOKUP(A501&B501&C501,盘货信息!$A:$A&盘货信息!$B:$B&盘货信息!$C:$C,盘货信息!$J:$J)&"元优惠卷"))} | I501: {=IF(C501="","",IF(_xlfn.XLOOKUP(A501&B501&C501,盘货信息!$A:$A&盘货信息!$B:$B&盘货信息!$C:$C,盘货信息!$R:$R)="","",_xlfn.XLOOKUP(A501&B501&C501,盘货信息!$A:$A&盘货信息!$B:$B&盘货信息!$C:$C,盘货信息!$R:$R)&"元优惠卷"))} | J501: {=IF(C501="","",IF(_xlfn.XLOOKUP(A501&B501&C501,盘货信息!$A:$A&盘货信息!$B:$B&盘货信息!$C:$C,盘货信息!$K:$K)="","",IF(OR(_xlfn.XLOOKUP(A501&B501&C501,盘货信息!$A:$A&盘货信息!$B:$B&盘货信息!$C:$C,盘货信息!$G:$G)="参加",_xlfn.XLOOKUP(A501&B501&C501,盘货信息!$A:$A&盘货信息!$B:$B&盘货信息!$C:$C,盘货信息!$H:$H)="1（纯自补）"),_xlfn.XLOOKUP(A501&B501&C501,盘货信息!$A:$A&盘货信息!$B:$B&盘货信息!$C:$C,盘货信息!$K:$K)&"元以旧换新（可无旧机换新）","")))} | K501: {=IF(C501="","",IF(_xlfn.XLOOKUP(A501&B501&C501,盘货信息!$A:$A&盘货信息!$B:$B&盘货信息!$C:$C,盘货信息!$L:$L)="","",_xlfn.XLOOKUP(A501&B501&C501,盘货信息!$A:$A&盘货信息!$B:$B&盘货信息!$C:$C,盘货信息!$L:$L)&"元限时补贴"))} | L501: {=IF(C501="","",IF(_xlfn.XLOOKUP(A501&B501&C501,盘货信息!$A:$A&盘货信息!$B:$B&盘货信息!$C:$C,盘货信息!$M:$M)="","",_xlfn.XLOOKUP(A501&B501&C501,盘货信息!$A:$A&盘货信息!$B:$B&盘货信息!$C:$C,盘货信息!$M:$M)&"元消费券"))} | M501: {=IF(C501="","",IF(_xlfn.XLOOKUP(A501&B501&C501,盘货信息!$A:$A&盘货信息!$B:$B&盘货信息!$C:$C,盘货信息!$G:$G)="不参加","","焕新补贴优惠【全民可用，不限地址】"))}

Sheet 赠品
A1: =IF(盘货信息!A1="","",盘货信息!A1) -> ID | B1: =IF(盘货信息!B1="","",盘货信息!B1) -> SKUID | C1: =IF(盘货信息!C1="","",盘货信息!C1) -> 型号 | D1: 赠品 | E1: 1--1 | F1: 1--2 | G1: 1--3 | H1: 1--4 | I1: 1--5 | J1: 1 | K1: 2 | L1: 3 | M1: 4 | N1: 5
A2: =IF(盘货信息!A2="","",盘货信息!A2) | B2: =IF(盘货信息!B2="","",盘货信息!B2) | C2: =IF(盘货信息!C2="","",盘货信息!C2) | D2: =_xlfn.TEXTJOIN(CHAR(10),TRUE,E2:I2) | E2: =_xlfn.LET(_xlpm.A,IF(ISNUMBER(SEARCH("晒单",J2)),"【晒单】"&MID(J2,SEARCH("晒单",J2)+LEN("晒单"),LEN(J2))&"（需晒单后联系客服登记）",IF(ISNUMBER(SEARCH("包修",J2)),"【购机】"&MID(J2,SEARCH("购机",J2)+LEN("购机"),LEN(J2)),IF(ISNUMBER(SEARCH("叠放支架",J2)),"【赠品】"&MID(J2,SEARCH("购机",J2)+LEN("购机"),LEN(J2)),IF(ISNUMBER(SEARCH("秀图",J2)),"【秀图】"&MID(J2,SEARCH("秀图",J2)+LEN("秀图"),LEN(J2)),IF(J2="*","【赠品】"&J2,""))))),IFERROR(LEFT(_xlpm.A,FIND("【",_xlpm.A,FIND("】",_xlpm.A)+1)-1)&MID(_xlpm.A,FIND("】",_xlpm.A,FIND("】",_xlpm.A)+1)+1,LEN(_xlpm.A)),_xlpm.A)) | F2: =_xlfn.LET(_xlpm.A,IF(ISNUMBER(SEARCH("晒单",K2)),"【晒单】"&MID(K2,SEARCH("晒单",K2)+LEN("晒单"),LEN(K2))&"（需晒单后联系客服登记）",IF(ISNUMBER(SEARCH("包修",K2)),"【购机】"&MID(K2,SEARCH("购机",K2)+LEN("购机"),LEN(K2)),IF(ISNUMBER(SEARCH("叠放支架",K2)),"【赠品】"&MID(K2,SEARCH("购机",K2)+LEN("购机"),LEN(K2)),IF(ISNUMBER(SEARCH("秀图",K2)),"【秀图】"&MID(K2,SEARCH("秀图",K2)+LEN("秀图"),LEN(K2)),"")))),IFERROR(LEFT(_xlpm.A,FIND("【",_xlpm.A,FIND("】",_xlpm.A)+1)-1)&MID(_xlpm.A,FIND("】",_xlpm.A,FIND("】",_xlpm.A)+1)+1,LEN(_xlpm.A)),_xlpm.A)) | G2: =_xlfn.LET(_xlpm.A,IF(ISNUMBER(SEARCH("晒单",L2)),"【晒单】"&MID(L2,SEARCH("晒单",L2)+LEN("晒单"),LEN(L2))&"（需晒单后联系客服登记）",IF(ISNUMBER(SEARCH("包修",L2)),"【购机】"&MID(L2,SEARCH("购机",L2)+LEN("购机"),LEN(L2)),IF(ISNUMBER(SEARCH("叠放支架",L2)),"【赠品】"&MID(L2,SEARCH("购机",L2)+LEN("购机"),LEN(L2)),IF(ISNUMBER(SEARCH("秀图",L2)),"【秀图】"&MID(L2,SEARCH("秀图",L2)+LEN("秀图"),LEN(L2)),"")))),IFERROR(LEFT(_xlpm.A,FIND("【",_xlpm.A,FIND("】",_xlpm.A)+1)-1)&MID(_xlpm.A,FIND("】",_xlpm.A,FIND("】",_xlpm.A)+1)+1,LEN(_xlpm.A)),_xlpm.A)) | H2: =_xlfn.LET(_xlpm.A,IF(ISNUMBER(SEARCH("晒单",M2)),"【晒单】"&MID(M2,SEARCH("晒单",M2)+LEN("晒单"),LEN(M2))&"（需晒单后联系客服登记）",IF(ISNUMBER(SEARCH("包修",M2)),"【购机】"&MID(M2,SEARCH("购机",M2)+LEN("购机"),LEN(M2)),IF(ISNUMBER(SEARCH("叠放支架",M2)),"【赠品】"&MID(M2,SEARCH("购机",M2)+LEN("购机"),LEN(M2)),IF(ISNUMBER(SEARCH("秀图",M2)),"【秀图】"&MID(M2,SEARCH("秀图",M2)+LEN("秀图"),LEN(M2)),"")))),IFERROR(LEFT(_xlpm.A,FIND("【",_xlpm.A,FIND("】",_xlpm.A)+1)-1)&MID(_xlpm.A,FIND("】",_xlpm.A,FIND("】",_xlpm.A)+1)+1,LEN(_xlpm.A)),_xlpm.A)) | I2: =_xlfn.LET(_xlpm.A,IF(ISNUMBER(SEARCH("晒单",N2)),"【晒单】"&MID(N2,SEARCH("晒单",N2)+LEN("晒单"),LEN(N2))&"（需晒单后联系客服登记）",IF(ISNUMBER(SEARCH("包修",N2)),"【购机】"&MID(N2,SEARCH("购机",N2)+LEN("购机"),LEN(N2)),IF(ISNUMBER(SEARCH("叠放支架",N2)),"【赠品】"&MID(N2,SEARCH("购机",N2)+LEN("购机"),LEN(N2)),IF(ISNUMBER(SEARCH("秀图",N2)),"【秀图】"&MID(N2,SEARCH("秀图",N2)+LEN("秀图"),LEN(N2)),"")))),IFERROR(LEFT(_xlpm.A,FIND("【",_xlpm.A,FIND("】",_xlpm.A)+1)-1)&MID(_xlpm.A,FIND("】",_xlpm.A,FIND("】",_xlpm.A)+1)+1,LEN(_xlpm.A)),_xlpm.A)) | J2: {=IFERROR(INDEX(_xlfn.TEXTSPLIT(_xlfn.XLOOKUP($A2&$B2&$C2,盘货信息!$A:$A&盘货信息!$B:$B&盘货信息!$C:$C,盘货信息!$S:$S),CHAR(10),,TRUE),1,COLUMN(A1)),"")} | K2: {=IFERROR(INDEX(_xlfn.TEXTSPLIT(_xlfn.XLOOKUP($A2&$B2&$C2,盘货信息!$A:$A&盘货信息!$B:$B&盘货信息!$C:$C,盘货信息!$S:$S),CHAR(10),,TRUE),1,COLUMN(B1)),"")} | L2: {=IFERROR(INDEX(_xlfn.TEXTSPLIT(_xlfn.XLOOKUP($A2&$B2&$C2,盘货信息!$A:$A&盘货信息!$B:$B&盘货信息!$C:$C,盘货信息!$S:$S),CHAR(10),,TRUE),1,COLUMN(C1)),"")} | M2: {=IFERROR(INDEX(_xlfn.TEXTSPLIT(_xlfn.XLOOKUP($A2&$B2&$C2,盘货信息!$A:$A&盘货信息!$B:$B&盘货信息!$C:$C,盘货信息!$S:$S),CHAR(10),,TRUE),1,COLUMN(D1)),"")} | N2: {=IFERROR(INDEX(_xlfn.TEXTSPLIT(_xlfn.XLOOKUP($A2&$B2&$C2,盘货信息!$A:$A&盘货信息!$B:$B&盘货信息!$C:$C,盘货信息!$S:$S),CHAR(10),,TRUE),1,COLUMN(E1)),"")}
A3: =IF(盘货信息!A3="","",盘货信息!A3) | B3: =IF(盘货信息!B3="","",盘货信息!B3) | C3: =IF(盘货信息!C3="","",盘货信息!C3) | D3: =_xlfn.TEXTJOIN(CHAR(10),TRUE,E3:I3) | E3: =_xlfn.LET(_xlpm.A,IF(ISNUMBER(SEARCH("晒单",J3)),"【晒单】"&MID(J3,SEARCH("晒单",J3)+LEN("晒单"),LEN(J3))&"（需晒单后联系客服登记）",IF(ISNUMBER(SEARCH("包修",J3)),"【购机】"&MID(J3,SEARCH("购机",J3)+LEN("购机"),LEN(J3)),IF(ISNUMBER(SEARCH("叠放支架",J3)),"【赠品】"&MID(J3,SEARCH("购机",J3)+LEN("购机"),LEN(J3)),IF(ISNUMBER(SEARCH("秀图",J3)),"【秀图】"&MID(J3,SEARCH("秀图",J3)+LEN("秀图"),LEN(J3)),"")))),IFERROR(LEFT(_xlpm.A,FIND("【",_xlpm.A,FIND("】",_xlpm.A)+1)-1)&MID(_xlpm.A,FIND("】",_xlpm.A,FIND("】",_xlpm.A)+1)+1,LEN(_xlpm.A)),_xlpm.A)) | F3: =_xlfn.LET(_xlpm.A,IF(ISNUMBER(SEARCH("晒单",K3)),"【晒单】"&MID(K3,SEARCH("晒单",K3)+LEN("晒单"),LEN(K3))&"（需晒单后联系客服登记）",IF(ISNUMBER(SEARCH("包修",K3)),"【购机】"&MID(K3,SEARCH("购机",K3)+LEN("购机"),LEN(K3)),IF(ISNUMBER(SEARCH("叠放支架",K3)),"【赠品】"&MID(K3,SEARCH("购机",K3)+LEN("购机"),LEN(K3)),IF(ISNUMBER(SEARCH("秀图",K3)),"【秀图】"&MID(K3,SEARCH("秀图",K3)+LEN("秀图"),LEN(K3)),"")))),IFERROR(LEFT(_xlpm.A,FIND("【",_xlpm.A,FIND("】",_xlpm.A)+1)-1)&MID(_xlpm.A,FIND("】",_xlpm.A,FIND("】",_xlpm.A)+1)+1,LEN(_xlpm.A)),_xlpm.A)) | G3: =_xlfn.LET(_xlpm.A,IF(ISNUMBER(SEARCH("晒单",L3)),"【晒单】"&MID(L3,SEARCH("晒单",L3)+LEN("晒单"),LEN(L3))&"（需晒单后联系客服登记）",IF(ISNUMBER(SEARCH("包修",L3)),"【购机】"&MID(L3,SEARCH("购机",L3)+LEN("购机"),LEN(L3)),IF(ISNUMBER(SEARCH("叠放支架",L3)),"【赠品】"&MID(L3,SEARCH("购机",L3)+LEN("购机"),LEN(L3)),IF(ISNUMBER(SEARCH("秀图",L3)),"【秀图】"&MID(L3,SEARCH("秀图",L3)+LEN("秀图"),LEN(L3)),"")))),IFERROR(LEFT(_xlpm.A,FIND("【",_xlpm.A,FIND("】",_xlpm.A)+1)-1)&MID(_xlpm.A,FIND("】",_xlpm.A,FIND("】",_xlpm.A)+1)+1,LEN(_xlpm.A)),_xlpm.A)) | H3: =_xlfn.LET(_xlpm.A,IF(ISNUMBER(SEARCH("晒单",M3)),"【晒单】"&MID(M3,SEARCH("晒单",M3)+LEN("晒单"),LEN(M3))&"（需晒单后联系客服登记）",IF(ISNUMBER(SEARCH("包修",M3)),"【购机】"&MID(M3,SEARCH("购机",M3)+LEN("购机"),LEN(M3)),IF(ISNUMBER(SEARCH("叠放支架",M3)),"【赠品】"&MID(M3,SEARCH("购机",M3)+LEN("购机"),LEN(M3)),IF(ISNUMBER(SEARCH("秀图",M3)),"【秀图】"&MID(M3,SEARCH("秀图",M3)+LEN("秀图"),LEN(M3)),"")))),IFERROR(LEFT(_xlpm.A,FIND("【",_xlpm.A,FIND("】",_xlpm.A)+1)-1)&MID(_xlpm.A,FIND("】",_xlpm.A,FIND("】",_xlpm.A)+1)+1,LEN(_xlpm.A)),_xlpm.A)) | I3: =_xlfn.LET(_xlpm.A,IF(ISNUMBER(SEARCH("晒单",N3)),"【晒单】"&MID(N3,SEARCH("晒单",N3)+LEN("晒单"),LEN(N3))&"（需晒单后联系客服登记）",IF(ISNUMBER(SEARCH("包修",N3)),"【购机】"&MID(N3,SEARCH("购机",N3)+LEN("购机"),LEN(N3)),IF(ISNUMBER(SEARCH("叠放支架",N3)),"【赠品】"&MID(N3,SEARCH("购机",N3)+LEN("购机"),LEN(N3)),IF(ISNUMBER(SEARCH("秀图",N3)),"【秀图】"&MID(N3,SEARCH("秀图",N3)+LEN("秀图"),LEN(N3)),"")))),IFERROR(LEFT(_xlpm.A,FIND("【",_xlpm.A,FIND("】",_xlpm.A)+1)-1)&MID(_xlpm.A,FIND("】",_xlpm.A,FIND("】",_xlpm.A)+1)+1,LEN(_xlpm.A)),_xlpm.A)) | J3: {=IFERROR(INDEX(_xlfn.TEXTSPLIT(_xlfn.XLOOKUP($A3&$B3&$C3,盘货信息!$A:$A&盘货信息!$B:$B&盘货信息!$C:$C,盘货信息!$S:$S),CHAR(10),,TRUE),1,COLUMN(A2)),"")} | K3: {=IFERROR(INDEX(_xlfn.TEXTSPLIT(_xlfn.XLOOKUP($A3&$B3&$C3,盘货信息!$A:$A&盘货信息!$B:$B&盘货信息!$C:$C,盘货信息!$S:$S),CHAR(10),,TRUE),1,COLUMN(B2)),"")} | L3: {=IFERROR(INDEX(_xlfn.TEXTSPLIT(_xlfn.XLOOKUP($A3&$B3&$C3,盘货信息!$A:$A&盘货信息!$B:$B&盘货信息!$C:$C,盘货信息!$S:$S),CHAR(10),,TRUE),1,COLUMN(C2)),"")} | M3: {=IFERROR(INDEX(_xlfn.TEXTSPLIT(_xlfn.XLOOKUP($A3&$B3&$C3,盘货信息!$A:$A&盘货信息!$B:$B&盘货信息!$C:$C,盘货信息!$S:$S),CHAR(10),,TRUE),1,COLUMN(D2)),"")} | N3: {=IFERROR(INDEX(_xlfn.TEXTSPLIT(_xlfn.XLOOKUP($A3&$B3&$C3,盘货信息!$A:$A&盘货信息!$B:$B&盘货信息!$C:$C,盘货信息!$S:$S),CHAR(10),,TRUE),1,COLUMN(E2)),"")}
A4: =IF(盘货信息!A4="","",盘货信息!A4) | B4: =IF(盘货信息!B4="","",盘货信息!B4) | C4: =IF(盘货信息!C4="","",盘货信息!C4) | D4: =_xlfn.TEXTJOIN(CHAR(10),TRUE,E4:I4) | E4: =_xlfn.LET(_xlpm.A,IF(ISNUMBER(SEARCH("晒单",J4)),"【晒单】"&MID(J4,SEARCH("晒单",J4)+LEN("晒单"),LEN(J4))&"（需晒单后联系客服登记）",IF(ISNUMBER(SEARCH("包修",J4)),"【购机】"&MID(J4,SEARCH("购机",J4)+LEN("购机"),LEN(J4)),IF(ISNUMBER(SEARCH("叠放支架",J4)),"【赠品】"&MID(J4,SEARCH("购机",J4)+LEN("购机"),LEN(J4)),IF(ISNUMBER(SEARCH("秀图",J4)),"【秀图】"&MID(J4,SEARCH("秀图",J4)+LEN("秀图"),LEN(J4)),"")))),IFERROR(LEFT(_xlpm.A,FIND("【",_xlpm.A,FIND("】",_xlpm.A)+1)-1)&MID(_xlpm.A,FIND("】",_xlpm.A,FIND("】",_xlpm.A)+1)+1,LEN(_xlpm.A)),_xlpm.A)) | F4: =_xlfn.LET(_xlpm.A,IF(ISNUMBER(SEARCH("晒单",K4)),"【晒单】"&MID(K4,SEARCH("晒单",K4)+LEN("晒单"),LEN(K4))&"（需晒单后联系客服登记）",IF(ISNUMBER(SEARCH("包修",K4)),"【购机】"&MID(K4,SEARCH("购机",K4)+LEN("购机"),LEN(K4)),IF(ISNUMBER(SEARCH("叠放支架",K4)),"【赠品】"&MID(K4,SEARCH("购机",K4)+LEN("购机"),LEN(K4)),IF(ISNUMBER(SEARCH("秀图",K4)),"【秀图】"&MID(K4,SEARCH("秀图",K4)+LEN("秀图"),LEN(K4)),"")))),IFERROR(LEFT(_xlpm.A,FIND("【",_xlpm.A,FIND("】",_xlpm.A)+1)-1)&MID(_xlpm.A,FIND("】",_xlpm.A,FIND("】",_xlpm.A)+1)+1,LEN(_xlpm.A)),_xlpm.A)) | G4: =_xlfn.LET(_xlpm.A,IF(ISNUMBER(SEARCH("晒单",L4)),"【晒单】"&MID(L4,SEARCH("晒单",L4)+LEN("晒单"),LEN(L4))&"（需晒单后联系客服登记）",IF(ISNUMBER(SEARCH("包修",L4)),"【购机】"&MID(L4,SEARCH("购机",L4)+LEN("购机"),LEN(L4)),IF(ISNUMBER(SEARCH("叠放支架",L4)),"【赠品】"&MID(L4,SEARCH("购机",L4)+LEN("购机"),LEN(L4)),IF(ISNUMBER(SEARCH("秀图",L4)),"【秀图】"&MID(L4,SEARCH("秀图",L4)+LEN("秀图"),LEN(L4)),"")))),IFERROR(LEFT(_xlpm.A,FIND("【",_xlpm.A,FIND("】",_xlpm.A)+1)-1)&MID(_xlpm.A,FIND("】",_xlpm.A,FIND("】",_xlpm.A)+1)+1,LEN(_xlpm.A)),_xlpm.A)) | H4: =_xlfn.LET(_xlpm.A,IF(ISNUMBER(SEARCH("晒单",M4)),"【晒单】"&MID(M4,SEARCH("晒单",M4)+LEN("晒单"),LEN(M4))&"（需晒单后联系客服登记）",IF(ISNUMBER(SEARCH("包修",M4)),"【购机】"&MID(M4,SEARCH("购机",M4)+LEN("购机"),LEN(M4)),IF(ISNUMBER(SEARCH("叠放支架",M4)),"【赠品】"&MID(M4,SEARCH("购机",M4)+LEN("购机"),LEN(M4)),IF(ISNUMBER(SEARCH("秀图",M4)),"【秀图】"&MID(M4,SEARCH("秀图",M4)+LEN("秀图"),LEN(M4)),"")))),IFERROR(LEFT(_xlpm.A,FIND("【",_xlpm.A,FIND("】",_xlpm.A)+1)-1)&MID(_xlpm.A,FIND("】",_xlpm.A,FIND("】",_xlpm.A)+1)+1,LEN(_xlpm.A)),_xlpm.A)) | I4: =_xlfn.LET(_xlpm.A,IF(ISNUMBER(SEARCH("晒单",N4)),"【晒单】"&MID(N4,SEARCH("晒单",N4)+LEN("晒单"),LEN(N4))&"（需晒单后联系客服登记）",IF(ISNUMBER(SEARCH("包修",N4)),"【购机】"&MID(N4,SEARCH("购机",N4)+LEN("购机"),LEN(N4)),IF(ISNUMBER(SEARCH("叠放支架",N4)),"【赠品】"&MID(N4,SEARCH("购机",N4)+LEN("购机"),LEN(N4)),IF(ISNUMBER(SEARCH("秀图",N4)),"【秀图】"&MID(N4,SEARCH("秀图",N4)+LEN("秀图"),LEN(N4)),"")))),IFERROR(LEFT(_xlpm.A,FIND("【",_xlpm.A,FIND("】",_xlpm.A)+1)-1)&MID(_xlpm.A,FIND("】",_xlpm.A,FIND("】",_xlpm.A)+1)+1,LEN(_xlpm.A)),_xlpm.A)) | J4: {=IFERROR(INDEX(_xlfn.TEXTSPLIT(_xlfn.XLOOKUP($A4&$B4&$C4,盘货信息!$A:$A&盘货信息!$B:$B&盘货信息!$C:$C,盘货信息!$S:$S),CHAR(10),,TRUE),1,COLUMN(A3)),"")} | K4: {=IFERROR(INDEX(_xlfn.TEXTSPLIT(_xlfn.XLOOKUP($A4&$B4&$C4,盘货信息!$A:$A&盘货信息!$B:$B&盘货信息!$C:$C,盘货信息!$S:$S),CHAR(10),,TRUE),1,COLUMN(B3)),"")} | L4: {=IFERROR(INDEX(_xlfn.TEXTSPLIT(_xlfn.XLOOKUP($A4&$B4&$C4,盘货信息!$A:$A&盘货信息!$B:$B&盘货信息!$C:$C,盘货信息!$S:$S),CHAR(10),,TRUE),1,COLUMN(C3)),"")} | M4: {=IFERROR(INDEX(_xlfn.TEXTSPLIT(_xlfn.XLOOKUP($A4&$B4&$C4,盘货信息!$A:$A&盘货信息!$B:$B&盘货信息!$C:$C,盘货信息!$S:$S),CHAR(10),,TRUE),1,COLUMN(D3)),"")} | N4: {=IFERROR(INDEX(_xlfn.TEXTSPLIT(_xlfn.XLOOKUP($A4&$B4&$C4,盘货信息!$A:$A&盘货信息!$B:$B&盘货信息!$C:$C,盘货信息!$S:$S),CHAR(10),,TRUE),1,COLUMN(E3)),"")}
A5: =IF(盘货信息!A5="","",盘货信息!A5) | B5: =IF(盘货信息!B5="","",盘货信息!B5) | C5: =IF(盘货信息!C5="","",盘货信息!C5) | D5: =_xlfn.TEXTJOIN(CHAR(10),TRUE,E5:I5) | E5: =_xlfn.LET(_xlpm.A,IF(ISNUMBER(SEARCH("晒单",J5)),"【晒单】"&MID(J5,SEARCH("晒单",J5)+LEN("晒单"),LEN(J5))&"（需晒单后联系客服登记）",IF(ISNUMBER(SEARCH("包修",J5)),"【购机】"&MID(J5,SEARCH("购机",J5)+LEN("购机"),LEN(J5)),IF(ISNUMBER(SEARCH("叠放支架",J5)),"【赠品】"&MID(J5,SEARCH("购机",J5)+LEN("购机"),LEN(J5)),IF(ISNUMBER(SEARCH("秀图",J5)),"【秀图】"&MID(J5,SEARCH("秀图",J5)+LEN("秀图"),LEN(J5)),"")))),IFERROR(LEFT(_xlpm.A,FIND("【",_xlpm.A,FIND("】",_xlpm.A)+1)-1)&MID(_xlpm.A,FIND("】",_xlpm.A,FIND("】",_xlpm.A)+1)+1,LEN(_xlpm.A)),_xlpm.A)) | F5: =_xlfn.LET(_xlpm.A,IF(ISNUMBER(SEARCH("晒单",K5)),"【晒单】"&MID(K5,SEARCH("晒单",K5)+LEN("晒单"),LEN(K5))&"（需晒单后联系客服登记）",IF(ISNUMBER(SEARCH("包修",K5)),"【购机】"&MID(K5,SEARCH("购机",K5)+LEN("购机"),LEN(K5)),IF(ISNUMBER(SEARCH("叠放支架",K5)),"【赠品】"&MID(K5,SEARCH("购机",K5)+LEN("购机"),LEN(K5)),IF(ISNUMBER(SEARCH("秀图",K5)),"【秀图】"&MID(K5,SEARCH("秀图",K5)+LEN("秀图"),LEN(K5)),"")))),IFERROR(LEFT(_xlpm.A,FIND("【",_xlpm.A,FIND("】",_xlpm.A)+1)-1)&MID(_xlpm.A,FIND("】",_xlpm.A,FIND("】",_xlpm.A)+1)+1,LEN(_xlpm.A)),_xlpm.A)) | G5: =_xlfn.LET(_xlpm.A,IF(ISNUMBER(SEARCH("晒单",L5)),"【晒单】"&MID(L5,SEARCH("晒单",L5)+LEN("晒单"),LEN(L5))&"（需晒单后联系客服登记）",IF(ISNUMBER(SEARCH("包修",L5)),"【购机】"&MID(L5,SEARCH("购机",L5)+LEN("购机"),LEN(L5)),IF(ISNUMBER(SEARCH("叠放支架",L5)),"【赠品】"&MID(L5,SEARCH("购机",L5)+LEN("购机"),LEN(L5)),IF(ISNUMBER(SEARCH("秀图",L5)),"【秀图】"&MID(L5,SEARCH("秀图",L5)+LEN("秀图"),LEN(L5)),"")))),IFERROR(LEFT(_xlpm.A,FIND("【",_xlpm.A,FIND("】",_xlpm.A)+1)-1)&MID(_xlpm.A,FIND("】",_xlpm.A,FIND("】",_xlpm.A)+1)+1,LEN(_xlpm.A)),_xlpm.A)) | H5: =_xlfn.LET(_xlpm.A,IF(ISNUMBER(SEARCH("晒单",M5)),"【晒单】"&MID(M5,SEARCH("晒单",M5)+LEN("晒单"),LEN(M5))&"（需晒单后联系客服登记）",IF(ISNUMBER(SEARCH("包修",M5)),"【购机】"&MID(M5,SEARCH("购机",M5)+LEN("购机"),LEN(M5)),IF(ISNUMBER(SEARCH("叠放支架",M5)),"【赠品】"&MID(M5,SEARCH("购机",M5)+LEN("购机"),LEN(M5)),IF(ISNUMBER(SEARCH("秀图",M5)),"【秀图】"&MID(M5,SEARCH("秀图",M5)+LEN("秀图"),LEN(M5)),"")))),IFERROR(LEFT(_xlpm.A,FIND("【",_xlpm.A,FIND("】",_xlpm.A)+1)-1)&MID(_xlpm.A,FIND("】",_xlpm.A,FIND("】",_xlpm.A)+1)+1,LEN(_xlpm.A)),_xlpm.A)) | I5: =_xlfn.LET(_xlpm.A,IF(ISNUMBER(SEARCH("晒单",N5)),"【晒单】"&MID(N5,SEARCH("晒单",N5)+LEN("晒单"),LEN(N5))&"（需晒单后联系客服登记）",IF(ISNUMBER(SEARCH("包修",N5)),"【购机】"&MID(N5,SEARCH("购机",N5)+LEN("购机"),LEN(N5)),IF(ISNUMBER(SEARCH("叠放支架",N5)),"【赠品】"&MID(N5,SEARCH("购机",N5)+LEN("购机"),LEN(N5)),IF(ISNUMBER(SEARCH("秀图",N5)),"【秀图】"&MID(N5,SEARCH("秀图",N5)+LEN("秀图"),LEN(N5)),"")))),IFERROR(LEFT(_xlpm.A,FIND("【",_xlpm.A,FIND("】",_xlpm.A)+1)-1)&MID(_xlpm.A,FIND("】",_xlpm.A,FIND("】",_xlpm.A)+1)+1,LEN(_xlpm.A)),_xlpm.A)) | J5: {=IFERROR(INDEX(_xlfn.TEXTSPLIT(_xlfn.XLOOKUP($A5&$B5&$C5,盘货信息!$A:$A&盘货信息!$B:$B&盘货信息!$C:$C,盘货信息!$S:$S),CHAR(10),,TRUE),1,COLUMN(A4)),"")} | K5: {=IFERROR(INDEX(_xlfn.TEXTSPLIT(_xlfn.XLOOKUP($A5&$B5&$C5,盘货信息!$A:$A&盘货信息!$B:$B&盘货信息!$C:$C,盘货信息!$S:$S),CHAR(10),,TRUE),1,COLUMN(B4)),"")} | L5: {=IFERROR(INDEX(_xlfn.TEXTSPLIT(_xlfn.XLOOKUP($A5&$B5&$C5,盘货信息!$A:$A&盘货信息!$B:$B&盘货信息!$C:$C,盘货信息!$S:$S),CHAR(10),,TRUE),1,COLUMN(C4)),"")} | M5: {=IFERROR(INDEX(_xlfn.TEXTSPLIT(_xlfn.XLOOKUP($A5&$B5&$C5,盘货信息!$A:$A&盘货信息!$B:$B&盘货信息!$C:$C,盘货信息!$S:$S),CHAR(10),,TRUE),1,COLUMN(D4)),"")} | N5: {=IFERROR(INDEX(_xlfn.TEXTSPLIT(_xlfn.XLOOKUP($A5&$B5&$C5,盘货信息!$A:$A&盘货信息!$B:$B&盘货信息!$C:$C,盘货信息!$S:$S),CHAR(10),,TRUE),1,COLUMN(E4)),"")}
A6: =IF(盘货信息!A6="","",盘货信息!A6) | B6: =IF(盘货信息!B6="","",盘货信息!B6) | C6: =IF(盘货信息!C6="","",盘货信息!C6) | D6: =_xlfn.TEXTJOIN(CHAR(10),TRUE,E6:I6) | E6: =_xlfn.LET(_xlpm.A,IF(ISNUMBER(SEARCH("晒单",J6)),"【晒单】"&MID(J6,SEARCH("晒单",J6)+LEN("晒单"),LEN(J6))&"（需晒单后联系客服登记）",IF(ISNUMBER(SEARCH("包修",J6)),"【购机】"&MID(J6,SEARCH("购机",J6)+LEN("购机"),LEN(J6)),IF(ISNUMBER(SEARCH("叠放支架",J6)),"【赠品】"&MID(J6,SEARCH("购机",J6)+LEN("购机"),LEN(J6)),IF(ISNUMBER(SEARCH("秀图",J6)),"【秀图】"&MID(J6,SEARCH("秀图",J6)+LEN("秀图"),LEN(J6)),"")))),IFERROR(LEFT(_xlpm.A,FIND("【",_xlpm.A,FIND("】",_xlpm.A)+1)-1)&MID(_xlpm.A,FIND("】",_xlpm.A,FIND("】",_xlpm.A)+1)+1,LEN(_xlpm.A)),_xlpm.A)) | F6: =_xlfn.LET(_xlpm.A,IF(ISNUMBER(SEARCH("晒单",K6)),"【晒单】"&MID(K6,SEARCH("晒单",K6)+LEN("晒单"),LEN(K6))&"（需晒单后联系客服登记）",IF(ISNUMBER(SEARCH("包修",K6)),"【购机】"&MID(K6,SEARCH("购机",K6)+LEN("购机"),LEN(K6)),IF(ISNUMBER(SEARCH("叠放支架",K6)),"【赠品】"&MID(K6,SEARCH("购机",K6)+LEN("购机"),LEN(K6)),IF(ISNUMBER(SEARCH("秀图",K6)),"【秀图】"&MID(K6,SEARCH("秀图",K6)+LEN("秀图"),LEN(K6)),"")))),IFERROR(LEFT(_xlpm.A,FIND("【",_xlpm.A,FIND("】",_xlpm.A)+1)-1)&MID(_xlpm.A,FIND("】",_xlpm.A,FIND("】",_xlpm.A)+1)+1,LEN(_xlpm.A)),_xlpm.A)) | G6: =_xlfn.LET(_xlpm.A,IF(ISNUMBER(SEARCH("晒单",L6)),"【晒单】"&MID(L6,SEARCH("晒单",L6)+LEN("晒单"),LEN(L6))&"（需晒单后联系客服登记）",IF(ISNUMBER(SEARCH("包修",L6)),"【购机】"&MID(L6,SEARCH("购机",L6)+LEN("购机"),LEN(L6)),IF(ISNUMBER(SEARCH("叠放支架",L6)),"【赠品】"&MID(L6,SEARCH("购机",L6)+LEN("购机"),LEN(L6)),IF(ISNUMBER(SEARCH("秀图",L6)),"【秀图】"&MID(L6,SEARCH("秀图",L6)+LEN("秀图"),LEN(L6)),"")))),IFERROR(LEFT(_xlpm.A,FIND("【",_xlpm.A,FIND("】",_xlpm.A)+1)-1)&MID(_xlpm.A,FIND("】",_xlpm.A,FIND("】",_xlpm.A)+1)+1,LEN(_xlpm.A)),_xlpm.A)) | H6: =_xlfn.LET(_xlpm.A,IF(ISNUMBER(SEARCH("晒单",M6)),"【晒单】"&MID(M6,SEARCH("晒单",M6)+LEN("晒单"),LEN(M6))&"（需晒单后联系客服登记）",IF(ISNUMBER(SEARCH("包修",M6)),"【购机】"&MID(M6,SEARCH("购机",M6)+LEN("购机"),LEN(M6)),IF(ISNUMBER(SEARCH("叠放支架",M6)),"【赠品】"&MID(M6,SEARCH("购机",M6)+LEN("购机"),LEN(M6)),IF(ISNUMBER(SEARCH("秀图",M6)),"【秀图】"&MID(M6,SEARCH("秀图",M6)+LEN("秀图"),LEN(M6)),"")))),IFERROR(LEFT(_xlpm.A,FIND("【",_xlpm.A,FIND("】",_xlpm.A)+1)-1)&MID(_xlpm.A,FIND("】",_xlpm.A,FIND("】",_xlpm.A)+1)+1,LEN(_xlpm.A)),_xlpm.A)) | I6: =_xlfn.LET(_xlpm.A,IF(ISNUMBER(SEARCH("晒单",N6)),"【晒单】"&MID(N6,SEARCH("晒单",N6)+LEN("晒单"),LEN(N6))&"（需晒单后联系客服登记）",IF(ISNUMBER(SEARCH("包修",N6)),"【购机】"&MID(N6,SEARCH("购机",N6)+LEN("购机"),LEN(N6)),IF(ISNUMBER(SEARCH("叠放支架",N6)),"【赠品】"&MID(N6,SEARCH("购机",N6)+LEN("购机"),LEN(N6)),IF(ISNUMBER(SEARCH("秀图",N6)),"【秀图】"&MID(N6,SEARCH("秀图",N6)+LEN("秀图"),LEN(N6)),"")))),IFERROR(LEFT(_xlpm.A,FIND("【",_xlpm.A,FIND("】",_xlpm.A)+1)-1)&MID(_xlpm.A,FIND("】",_xlpm.A,FIND("】",_xlpm.A)+1)+1,LEN(_xlpm.A)),_xlpm.A)) | J6: {=IFERROR(INDEX(_xlfn.TEXTSPLIT(_xlfn.XLOOKUP($A6&$B6&$C6,盘货信息!$A:$A&盘货信息!$B:$B&盘货信息!$C:$C,盘货信息!$S:$S),CHAR(10),,TRUE),1,COLUMN(A5)),"")} | K6: {=IFERROR(INDEX(_xlfn.TEXTSPLIT(_xlfn.XLOOKUP($A6&$B6&$C6,盘货信息!$A:$A&盘货信息!$B:$B&盘货信息!$C:$C,盘货信息!$S:$S),CHAR(10),,TRUE),1,COLUMN(B5)),"")} | L6: {=IFERROR(INDEX(_xlfn.TEXTSPLIT(_xlfn.XLOOKUP($A6&$B6&$C6,盘货信息!$A:$A&盘货信息!$B:$B&盘货信息!$C:$C,盘货信息!$S:$S),CHAR(10),,TRUE),1,COLUMN(C5)),"")} | M6: {=IFERROR(INDEX(_xlfn.TEXTSPLIT(_xlfn.XLOOKUP($A6&$B6&$C6,盘货信息!$A:$A&盘货信息!$B:$B&盘货信息!$C:$C,盘货信息!$S:$S),CHAR(10),,TRUE),1,COLUMN(D5)),"")} | N6: {=IFERROR(INDEX(_xlfn.TEXTSPLIT(_xlfn.XLOOKUP($A6&$B6&$C6,盘货信息!$A:$A&盘货信息!$B:$B&盘货信息!$C:$C,盘货信息!$S:$S),CHAR(10),,TRUE),1,COLUMN(E5)),"")}
A7: =IF(盘货信息!A7="","",盘货信息!A7) | B7: =IF(盘货信息!B7="","",盘货信息!B7) | C7: =IF(盘货信息!C7="","",盘货信息!C7) | D7: =_xlfn.TEXTJOIN(CHAR(10),TRUE,E7:I7) | E7: =_xlfn.LET(_xlpm.A,IF(ISNUMBER(SEARCH("晒单",J7)),"【晒单】"&MID(J7,SEARCH("晒单",J7)+LEN("晒单"),LEN(J7))&"（需晒单后联系客服登记）",IF(ISNUMBER(SEARCH("包修",J7)),"【购机】"&MID(J7,SEARCH("购机",J7)+LEN("购机"),LEN(J7)),IF(ISNUMBER(SEARCH("叠放支架",J7)),"【赠品】"&MID(J7,SEARCH("购机",J7)+LEN("购机"),LEN(J7)),IF(ISNUMBER(SEARCH("秀图",J7)),"【秀图】"&MID(J7,SEARCH("秀图",J7)+LEN("秀图"),LEN(J7)),"")))),IFERROR(LEFT(_xlpm.A,FIND("【",_xlpm.A,FIND("】",_xlpm.A)+1)-1)&MID(_xlpm.A,FIND("】",_xlpm.A,FIND("】",_xlpm.A)+1)+1,LEN(_xlpm.A)),_xlpm.A)) | F7: =_xlfn.LET(_xlpm.A,IF(ISNUMBER(SEARCH("晒单",K7)),"【晒单】"&MID(K7,SEARCH("晒单",K7)+LEN("晒单"),LEN(K7))&"（需晒单后联系客服登记）",IF(ISNUMBER(SEARCH("包修",K7)),"【购机】"&MID(K7,SEARCH("购机",K7)+LEN("购机"),LEN(K7)),IF(ISNUMBER(SEARCH("叠放支架",K7)),"【赠品】"&MID(K7,SEARCH("购机",K7)+LEN("购机"),LEN(K7)),IF(ISNUMBER(SEARCH("秀图",K7)),"【秀图】"&MID(K7,SEARCH("秀图",K7)+LEN("秀图"),LEN(K7)),"")))),IFERROR(LEFT(_xlpm.A,FIND("【",_xlpm.A,FIND("】",_xlpm.A)+1)-1)&MID(_xlpm.A,FIND("】",_xlpm.A,FIND("】",_xlpm.A)+1)+1,LEN(_xlpm.A)),_xlpm.A)) | G7: =_xlfn.LET(_xlpm.A,IF(ISNUMBER(SEARCH("晒单",L7)),"【晒单】"&MID(L7,SEARCH("晒单",L7)+LEN("晒单"),LEN(L7))&"（需晒单后联系客服登记）",IF(ISNUMBER(SEARCH("包修",L7)),"【购机】"&MID(L7,SEARCH("购机",L7)+LEN("购机"),LEN(L7)),IF(ISNUMBER(SEARCH("叠放支架",L7)),"【赠品】"&MID(L7,SEARCH("购机",L7)+LEN("购机"),LEN(L7)),IF(ISNUMBER(SEARCH("秀图",L7)),"【秀图】"&MID(L7,SEARCH("秀图",L7)+LEN("秀图"),LEN(L7)),"")))),IFERROR(LEFT(_xlpm.A,FIND("【",_xlpm.A,FIND("】",_xlpm.A)+1)-1)&MID(_xlpm.A,FIND("】",_xlpm.A,FIND("】",_xlpm.A)+1)+1,LEN(_xlpm.A)),_xlpm.A)) | H7: =_xlfn.LET(_xlpm.A,IF(ISNUMBER(SEARCH("晒单",M7)),"【晒单】"&MID(M7,SEARCH("晒单",M7)+LEN("晒单"),LEN(M7))&"（需晒单后联系客服登记）",IF(ISNUMBER(SEARCH("包修",M7)),"【购机】"&MID(M7,SEARCH("购机",M7)+LEN("购机"),LEN(M7)),IF(ISNUMBER(SEARCH("叠放支架",M7)),"【赠品】"&MID(M7,SEARCH("购机",M7)+LEN("购机"),LEN(M7)),IF(ISNUMBER(SEARCH("秀图",M7)),"【秀图】"&MID(M7,SEARCH("秀图",M7)+LEN("秀图"),LEN(M7)),"")))),IFERROR(LEFT(_xlpm.A,FIND("【",_xlpm.A,FIND("】",_xlpm.A)+1)-1)&MID(_xlpm.A,FIND("】",_xlpm.A,FIND("】",_xlpm.A)+1)+1,LEN(_xlpm.A)),_xlpm.A)) | I7: =_xlfn.LET(_xlpm.A,IF(ISNUMBER(SEARCH("晒单",N7)),"【晒单】"&MID(N7,SEARCH("晒单",N7)+LEN("晒单"),LEN(N7))&"（需晒单后联系客服登记）",IF(ISNUMBER(SEARCH("包修",N7)),"【购机】"&MID(N7,SEARCH("购机",N7)+LEN("购机"),LEN(N7)),IF(ISNUMBER(SEARCH("叠放支架",N7)),"【赠品】"&MID(N7,SEARCH("购机",N7)+LEN("购机"),LEN(N7)),IF(ISNUMBER(SEARCH("秀图",N7)),"【秀图】"&MID(N7,SEARCH("秀图",N7)+LEN("秀图"),LEN(N7)),"")))),IFERROR(LEFT(_xlpm.A,FIND("【",_xlpm.A,FIND("】",_xlpm.A)+1)-1)&MID(_xlpm.A,FIND("】",_xlpm.A,FIND("】",_xlpm.A)+1)+1,LEN(_xlpm.A)),_xlpm.A)) | J7: {=IFERROR(INDEX(_xlfn.TEXTSPLIT(_xlfn.XLOOKUP($A7&$B7&$C7,盘货信息!$A:$A&盘货信息!$B:$B&盘货信息!$C:$C,盘货信息!$S:$S),CHAR(10),,TRUE),1,COLUMN(A6)),"")} | K7: {=IFERROR(INDEX(_xlfn.TEXTSPLIT(_xlfn.XLOOKUP($A7&$B7&$C7,盘货信息!$A:$A&盘货信息!$B:$B&盘货信息!$C:$C,盘货信息!$S:$S),CHAR(10),,TRUE),1,COLUMN(B6)),"")} | L7: {=IFERROR(INDEX(_xlfn.TEXTSPLIT(_xlfn.XLOOKUP($A7&$B7&$C7,盘货信息!$A:$A&盘货信息!$B:$B&盘货信息!$C:$C,盘货信息!$S:$S),CHAR(10),,TRUE),1,COLUMN(C6)),"")} | M7: {=IFERROR(INDEX(_xlfn.TEXTSPLIT(_xlfn.XLOOKUP($A7&$B7&$C7,盘货信息!$A:$A&盘货信息!$B:$B&盘货信息!$C:$C,盘货信息!$S:$S),CHAR(10),,TRUE),1,COLUMN(D6)),"")} | N7: {=IFERROR(INDEX(_xlfn.TEXTSPLIT(_xlfn.XLOOKUP($A7&$B7&$C7,盘货信息!$A:$A&盘货信息!$B:$B&盘货信息!$C:$C,盘货信息!$S:$S),CHAR(10),,TRUE),1,COLUMN(E6)),"")}
A8: =IF(盘货信息!A8="","",盘货信息!A8) | B8: =IF(盘货信息!B8="","",盘货信息!B8) | C8: =IF(盘货信息!C8="","",盘货信息!C8) | D8: =_xlfn.TEXTJOIN(CHAR(10),TRUE,E8:I8) | E8: =_xlfn.LET(_xlpm.A,IF(ISNUMBER(SEARCH("晒单",J8)),"【晒单】"&MID(J8,SEARCH("晒单",J8)+LEN("晒单"),LEN(J8))&"（需晒单后联系客服登记）",IF(ISNUMBER(SEARCH("包修",J8)),"【购机】"&MID(J8,SEARCH("购机",J8)+LEN("购机"),LEN(J8)),IF(ISNUMBER(SEARCH("叠放支架",J8)),"【赠品】"&MID(J8,SEARCH("购机",J8)+LEN("购机"),LEN(J8)),IF(ISNUMBER(SEARCH("秀图",J8)),"【秀图】"&MID(J8,SEARCH("秀图",J8)+LEN("秀图"),LEN(J8)),"")))),IFERROR(LEFT(_xlpm.A,FIND("【",_xlpm.A,FIND("】",_xlpm.A)+1)-1)&MID(_xlpm.A,FIND("】",_xlpm.A,FIND("】",_xlpm.A)+1)+1,LEN(_xlpm.A)),_xlpm.A)) | F8: =_xlfn.LET(_xlpm.A,IF(ISNUMBER(SEARCH("晒单",K8)),"【晒单】"&MID(K8,SEARCH("晒单",K8)+LEN("晒单"),LEN(K8))&"（需晒单后联系客服登记）",IF(ISNUMBER(SEARCH("包修",K8)),"【购机】"&MID(K8,SEARCH("购机",K8)+LEN("购机"),LEN(K8)),IF(ISNUMBER(SEARCH("叠放支架",K8)),"【赠品】"&MID(K8,SEARCH("购机",K8)+LEN("购机"),LEN(K8)),IF(ISNUMBER(SEARCH("秀图",K8)),"【秀图】"&MID(K8,SEARCH("秀图",K8)+LEN("秀图"),LEN(K8)),"")))),IFERROR(LEFT(_xlpm.A,FIND("【",_xlpm.A,FIND("】",_xlpm.A)+1)-1)&MID(_xlpm.A,FIND("】",_xlpm.A,FIND("】",_xlpm.A)+1)+1,LEN(_xlpm.A)),_xlpm.A)) | G8: =_xlfn.LET(_xlpm.A,IF(ISNUMBER(SEARCH("晒单",L8)),"【晒单】"&MID(L8,SEARCH("晒单",L8)+LEN("晒单"),LEN(L8))&"（需晒单后联系客服登记）",IF(ISNUMBER(SEARCH("包修",L8)),"【购机】"&MID(L8,SEARCH("购机",L8)+LEN("购机"),LEN(L8)),IF(ISNUMBER(SEARCH("叠放支架",L8)),"【赠品】"&MID(L8,SEARCH("购机",L8)+LEN("购机"),LEN(L8)),IF(ISNUMBER(SEARCH("秀图",L8)),"【秀图】"&MID(L8,SEARCH("秀图",L8)+LEN("秀图"),LEN(L8)),"")))),IFERROR(LEFT(_xlpm.A,FIND("【",_xlpm.A,FIND("】",_xlpm.A)+1)-1)&MID(_xlpm.A,FIND("】",_xlpm.A,FIND("】",_xlpm.A)+1)+1,LEN(_xlpm.A)),_xlpm.A)) | H8: =_xlfn.LET(_xlpm.A,IF(ISNUMBER(SEARCH("晒单",M8)),"【晒单】"&MID(M8,SEARCH("晒单",M8)+LEN("晒单"),LEN(M8))&"（需晒单后联系客服登记）",IF(ISNUMBER(SEARCH("包修",M8)),"【购机】"&MID(M8,SEARCH("购机",M8)+LEN("购机"),LEN(M8)),IF(ISNUMBER(SEARCH("叠放支架",M8)),"【赠品】"&MID(M8,SEARCH("购机",M8)+LEN("购机"),LEN(M8)),IF(ISNUMBER(SEARCH("秀图",M8)),"【秀图】"&MID(M8,SEARCH("秀图",M8)+LEN("秀图"),LEN(M8)),"")))),IFERROR(LEFT(_xlpm.A,FIND("【",_xlpm.A,FIND("】",_xlpm.A)+1)-1)&MID(_xlpm.A,FIND("】",_xlpm.A,FIND("】",_xlpm.A)+1)+1,LEN(_xlpm.A)),_xlpm.A)) | I8: =_xlfn.LET(_xlpm.A,IF(ISNUMBER(SEARCH("晒单",N8)),"【晒单】"&MID(N8,SEARCH("晒单",N8)+LEN("晒单"),LEN(N8))&"（需晒单后联系客服登记）",IF(ISNUMBER(SEARCH("包修",N8)),"【购机】"&MID(N8,SEARCH("购机",N8)+LEN("购机"),LEN(N8)),IF(ISNUMBER(SEARCH("叠放支架",N8)),"【赠品】"&MID(N8,SEARCH("购机",N8)+LEN("购机"),LEN(N8)),IF(ISNUMBER(SEARCH("秀图",N8)),"【秀图】"&MID(N8,SEARCH("秀图",N8)+LEN("秀图"),LEN(N8)),"")))),IFERROR(LEFT(_xlpm.A,FIND("【",_xlpm.A,FIND("】",_xlpm.A)+1)-1)&MID(_xlpm.A,FIND("】",_xlpm.A,FIND("】",_xlpm.A)+1)+1,LEN(_xlpm.A)),_xlpm.A)) | J8: {=IFERROR(INDEX(_xlfn.TEXTSPLIT(_xlfn.XLOOKUP($A8&$B8&$C8,盘货信息!$A:$A&盘货信息!$B:$B&盘货信息!$C:$C,盘货信息!$S:$S),CHAR(10),,TRUE),1,COLUMN(A7)),"")} | K8: {=IFERROR(INDEX(_xlfn.TEXTSPLIT(_xlfn.XLOOKUP($A8&$B8&$C8,盘货信息!$A:$A&盘货信息!$B:$B&盘货信息!$C:$C,盘货信息!$S:$S),CHAR(10),,TRUE),1,COLUMN(B7)),"")} | L8: {=IFERROR(INDEX(_xlfn.TEXTSPLIT(_xlfn.XLOOKUP($A8&$B8&$C8,盘货信息!$A:$A&盘货信息!$B:$B&盘货信息!$C:$C,盘货信息!$S:$S),CHAR(10),,TRUE),1,COLUMN(C7)),"")} | M8: {=IFERROR(INDEX(_xlfn.TEXTSPLIT(_xlfn.XLOOKUP($A8&$B8&$C8,盘货信息!$A:$A&盘货信息!$B:$B&盘货信息!$C:$C,盘货信息!$S:$S),CHAR(10),,TRUE),1,COLUMN(D7)),"")} | N8: {=IFERROR(INDEX(_xlfn.TEXTSPLIT(_xlfn.XLOOKUP($A8&$B8&$C8,盘货信息!$A:$A&盘货信息!$B:$B&盘货信息!$C:$C,盘货信息!$S:$S),CHAR(10),,TRUE),1,COLUMN(E7)),"")}
A9: =IF(盘货信息!A9="","",盘货信息!A9) | B9: =IF(盘货信息!B9="","",盘货信息!B9) | C9: =IF(盘货信息!C9="","",盘货信息!C9) | D9: =_xlfn.TEXTJOIN(CHAR(10),TRUE,E9:I9) | E9: =_xlfn.LET(_xlpm.A,IF(ISNUMBER(SEARCH("晒单",J9)),"【晒单】"&MID(J9,SEARCH("晒单",J9)+LEN("晒单"),LEN(J9))&"（需晒单后联系客服登记）",IF(ISNUMBER(SEARCH("包修",J9)),"【购机】"&MID(J9,SEARCH("购机",J9)+LEN("购机"),LEN(J9)),IF(ISNUMBER(SEARCH("叠放支架",J9)),"【赠品】"&MID(J9,SEARCH("购机",J9)+LEN("购机"),LEN(J9)),IF(ISNUMBER(SEARCH("秀图",J9)),"【秀图】"&MID(J9,SEARCH("秀图",J9)+LEN("秀图"),LEN(J9)),"")))),IFERROR(LEFT(_xlpm.A,FIND("【",_xlpm.A,FIND("】",_xlpm.A)+1)-1)&MID(_xlpm.A,FIND("】",_xlpm.A,FIND("】",_xlpm.A)+1)+1,LEN(_xlpm.A)),_xlpm.A)) | F9: =_xlfn.LET(_xlpm.A,IF(ISNUMBER(SEARCH("晒单",K9)),"【晒单】"&MID(K9,SEARCH("晒单",K9)+LEN("晒单"),LEN(K9))&"（需晒单后联系客服登记）",IF(ISNUMBER(SEARCH("包修",K9)),"【购机】"&MID(K9,SEARCH("购机",K9)+LEN("购机"),LEN(K9)),IF(ISNUMBER(SEARCH("叠放支架",K9)),"【赠品】"&MID(K9,SEARCH("购机",K9)+LEN("购机"),LEN(K9)),IF(ISNUMBER(SEARCH("秀图",K9)),"【秀图】"&MID(K9,SEARCH("秀图",K9)+LEN("秀图"),LEN(K9)),"")))),IFERROR(LEFT(_xlpm.A,FIND("【",_xlpm.A,FIND("】",_xlpm.A)+1)-1)&MID(_xlpm.A,FIND("】",_xlpm.A,FIND("】",_xlpm.A)+1)+1,LEN(_xlpm.A)),_xlpm.A)) | G9: =_xlfn.LET(_xlpm.A,IF(ISNUMBER(SEARCH("晒单",L9)),"【晒单】"&MID(L9,SEARCH("晒单",L9)+LEN("晒单"),LEN(L9))&"（需晒单后联系客服登记）",IF(ISNUMBER(SEARCH("包修",L9)),"【购机】"&MID(L9,SEARCH("购机",L9)+LEN("购机"),LEN(L9)),IF(ISNUMBER(SEARCH("叠放支架",L9)),"【赠品】"&MID(L9,SEARCH("购机",L9)+LEN("购机"),LEN(L9)),IF(ISNUMBER(SEARCH("秀图",L9)),"【秀图】"&MID(L9,SEARCH("秀图",L9)+LEN("秀图"),LEN(L9)),"")))),IFERROR(LEFT(_xlpm.A,FIND("【",_xlpm.A,FIND("】",_xlpm.A)+1)-1)&MID(_xlpm.A,FIND("】",_xlpm.A,FIND("】",_xlpm.A)+1)+1,LEN(_xlpm.A)),_xlpm.A)) | H9: =_xlfn.LET(_xlpm.A,IF(ISNUMBER(SEARCH("晒单",M9)),"【晒单】"&MID(M9,SEARCH("晒单",M9)+LEN("晒单"),LEN(M9))&"（需晒单后联系客服登记）",IF(ISNUMBER(SEARCH("包修",M9)),"【购机】"&MID(M9,SEARCH("购机",M9)+LEN("购机"),LEN(M9)),IF(ISNUMBER(SEARCH("叠放支架",M9)),"【赠品】"&MID(M9,SEARCH("购机",M9)+LEN("购机"),LEN(M9)),IF(ISNUMBER(SEARCH("秀图",M9)),"【秀图】"&MID(M9,SEARCH("秀图",M9)+LEN("秀图"),LEN(M9)),"")))),IFERROR(LEFT(_xlpm.A,FIND("【",_xlpm.A,FIND("】",_xlpm.A)+1)-1)&MID(_xlpm.A,FIND("】",_xlpm.A,FIND("】",_xlpm.A)+1)+1,LEN(_xlpm.A)),_xlpm.A)) | I9: =_xlfn.LET(_xlpm.A,IF(ISNUMBER(SEARCH("晒单",N9)),"【晒单】"&MID(N9,SEARCH("晒单",N9)+LEN("晒单"),LEN(N9))&"（需晒单后联系客服登记）",IF(ISNUMBER(SEARCH("包修",N9)),"【购机】"&MID(N9,SEARCH("购机",N9)+LEN("购机"),LEN(N9)),IF(ISNUMBER(SEARCH("叠放支架",N9)),"【赠品】"&MID(N9,SEARCH("购机",N9)+LEN("购机"),LEN(N9)),IF(ISNUMBER(SEARCH("秀图",N9)),"【秀图】"&MID(N9,SEARCH("秀图",N9)+LEN("秀图"),LEN(N9)),"")))),IFERROR(LEFT(_xlpm.A,FIND("【",_xlpm.A,FIND("】",_xlpm.A)+1)-1)&MID(_xlpm.A,FIND("】",_xlpm.A,FIND("】",_xlpm.A)+1)+1,LEN(_xlpm.A)),_xlpm.A)) | J9: {=IFERROR(INDEX(_xlfn.TEXTSPLIT(_xlfn.XLOOKUP($A9&$B9&$C9,盘货信息!$A:$A&盘货信息!$B:$B&盘货信息!$C:$C,盘货信息!$S:$S),CHAR(10),,TRUE),1,COLUMN(A8)),"")} | K9: {=IFERROR(INDEX(_xlfn.TEXTSPLIT(_xlfn.XLOOKUP($A9&$B9&$C9,盘货信息!$A:$A&盘货信息!$B:$B&盘货信息!$C:$C,盘货信息!$S:$S),CHAR(10),,TRUE),1,COLUMN(B8)),"")} | L9: {=IFERROR(INDEX(_xlfn.TEXTSPLIT(_xlfn.XLOOKUP($A9&$B9&$C9,盘货信息!$A:$A&盘货信息!$B:$B&盘货信息!$C:$C,盘货信息!$S:$S),CHAR(10),,TRUE),1,COLUMN(C8)),"")} | M9: {=IFERROR(INDEX(_xlfn.TEXTSPLIT(_xlfn.XLOOKUP($A9&$B9&$C9,盘货信息!$A:$A&盘货信息!$B:$B&盘货信息!$C:$C,盘货信息!$S:$S),CHAR(10),,TRUE),1,COLUMN(D8)),"")} | N9: {=IFERROR(INDEX(_xlfn.TEXTSPLIT(_xlfn.XLOOKUP($A9&$B9&$C9,盘货信息!$A:$A&盘货信息!$B:$B&盘货信息!$C:$C,盘货信息!$S:$S),CHAR(10),,TRUE),1,COLUMN(E8)),"")}
A10: =IF(盘货信息!A10="","",盘货信息!A10) | B10: =IF(盘货信息!B10="","",盘货信息!B10) | C10: =IF(盘货信息!C10="","",盘货信息!C10) | D10: =_xlfn.TEXTJOIN(CHAR(10),TRUE,E10:I10) | E10: =_xlfn.LET(_xlpm.A,IF(ISNUMBER(SEARCH("晒单",J10)),"【晒单】"&MID(J10,SEARCH("晒单",J10)+LEN("晒单"),LEN(J10))&"（需晒单后联系客服登记）",IF(ISNUMBER(SEARCH("包修",J10)),"【购机】"&MID(J10,SEARCH("购机",J10)+LEN("购机"),LEN(J10)),IF(ISNUMBER(SEARCH("叠放支架",J10)),"【赠品】"&MID(J10,SEARCH("购机",J10)+LEN("购机"),LEN(J10)),IF(ISNUMBER(SEARCH("秀图",J10)),"【秀图】"&MID(J10,SEARCH("秀图",J10)+LEN("秀图"),LEN(J10)),"")))),IFERROR(LEFT(_xlpm.A,FIND("【",_xlpm.A,FIND("】",_xlpm.A)+1)-1)&MID(_xlpm.A,FIND("】",_xlpm.A,FIND("】",_xlpm.A)+1)+1,LEN(_xlpm.A)),_xlpm.A)) | F10: =_xlfn.LET(_xlpm.A,IF(ISNUMBER(SEARCH("晒单",K10)),"【晒单】"&MID(K10,SEARCH("晒单",K10)+LEN("晒单"),LEN(K10))&"（需晒单后联系客服登记）",IF(ISNUMBER(SEARCH("包修",K10)),"【购机】"&MID(K10,SEARCH("购机",K10)+LEN("购机"),LEN(K10)),IF(ISNUMBER(SEARCH("叠放支架",K10)),"【赠品】"&MID(K10,SEARCH("购机",K10)+LEN("购机"),LEN(K10)),IF(ISNUMBER(SEARCH("秀图",K10)),"【秀图】"&MID(K10,SEARCH("秀图",K10)+LEN("秀图"),LEN(K10)),"")))),IFERROR(LEFT(_xlpm.A,FIND("【",_xlpm.A,FIND("】",_xlpm.A)+1)-1)&MID(_xlpm.A,FIND("】",_xlpm.A,FIND("】",_xlpm.A)+1)+1,LEN(_xlpm.A)),_xlpm.A)) | G10: =_xlfn.LET(_xlpm.A,IF(ISNUMBER(SEARCH("晒单",L10)),"【晒单】"&MID(L10,SEARCH("晒单",L10)+LEN("晒单"),LEN(L10))&"（需晒单后联系客服登记）",IF(ISNUMBER(SEARCH("包修",L10)),"【购机】"&MID(L10,SEARCH("购机",L10)+LEN("购机"),LEN(L10)),IF(ISNUMBER(SEARCH("叠放支架",L10)),"【赠品】"&MID(L10,SEARCH("购机",L10)+LEN("购机"),LEN(L10)),IF(ISNUMBER(SEARCH("秀图",L10)),"【秀图】"&MID(L10,SEARCH("秀图",L10)+LEN("秀图"),LEN(L10)),"")))),IFERROR(LEFT(_xlpm.A,FIND("【",_xlpm.A,FIND("】",_xlpm.A)+1)-1)&MID(_xlpm.A,FIND("】",_xlpm.A,FIND("】",_xlpm.A)+1)+1,LEN(_xlpm.A)),_xlpm.A)) | H10: =_xlfn.LET(_xlpm.A,IF(ISNUMBER(SEARCH("晒单",M10)),"【晒单】"&MID(M10,SEARCH("晒单",M10)+LEN("晒单"),LEN(M10))&"（需晒单后联系客服登记）",IF(ISNUMBER(SEARCH("包修",M10)),"【购机】"&MID(M10,SEARCH("购机",M10)+LEN("购机"),LEN(M10)),IF(ISNUMBER(SEARCH("叠放支架",M10)),"【赠品】"&MID(M10,SEARCH("购机",M10)+LEN("购机"),LEN(M10)),IF(ISNUMBER(SEARCH("秀图",M10)),"【秀图】"&MID(M10,SEARCH("秀图",M10)+LEN("秀图"),LEN(M10)),"")))),IFERROR(LEFT(_xlpm.A,FIND("【",_xlpm.A,FIND("】",_xlpm.A)+1)-1)&MID(_xlpm.A,FIND("】",_xlpm.A,FIND("】",_xlpm.A)+1)+1,LEN(_xlpm.A)),_xlpm.A)) | I10: =_xlfn.LET(_xlpm.A,IF(ISNUMBER(SEARCH("晒单",N10)),"【晒单】"&MID(N10,SEARCH("晒单",N10)+LEN("晒单"),LEN(N10))&"（需晒单后联系客服登记）",IF(ISNUMBER(SEARCH("包修",N10)),"【购机】"&MID(N10,SEARCH("购机",N10)+LEN("购机"),LEN(N10)),IF(ISNUMBER(SEARCH("叠放支架",N10)),"【赠品】"&MID(N10,SEARCH("购机",N10)+LEN("购机"),LEN(N10)),IF(ISNUMBER(SEARCH("秀图",N10)),"【秀图】"&MID(N10,SEARCH("秀图",N10)+LEN("秀图"),LEN(N10)),"")))),IFERROR(LEFT(_xlpm.A,FIND("【",_xlpm.A,FIND("】",_xlpm.A)+1)-1)&MID(_xlpm.A,FIND("】",_xlpm.A,FIND("】",_xlpm.A)+1)+1,LEN(_xlpm.A)),_xlpm.A)) | J10: {=IFERROR(INDEX(_xlfn.TEXTSPLIT(_xlfn.XLOOKUP($A10&$B10&$C10,盘货信息!$A:$A&盘货信息!$B:$B&盘货信息!$C:$C,盘货信息!$S:$S),CHAR(10),,TRUE),1,COLUMN(A9)),"")} | K10: {=IFERROR(INDEX(_xlfn.TEXTSPLIT(_xlfn.XLOOKUP($A10&$B10&$C10,盘货信息!$A:$A&盘货信息!$B:$B&盘货信息!$C:$C,盘货信息!$S:$S),CHAR(10),,TRUE),1,COLUMN(B9)),"")} | L10: {=IFERROR(INDEX(_xlfn.TEXTSPLIT(_xlfn.XLOOKUP($A10&$B10&$C10,盘货信息!$A:$A&盘货信息!$B:$B&盘货信息!$C:$C,盘货信息!$S:$S),CHAR(10),,TRUE),1,COLUMN(C9)),"")} | M10: {=IFERROR(INDEX(_xlfn.TEXTSPLIT(_xlfn.XLOOKUP($A10&$B10&$C10,盘货信息!$A:$A&盘货信息!$B:$B&盘货信息!$C:$C,盘货信息!$S:$S),CHAR(10),,TRUE),1,COLUMN(D9)),"")} | N10: {=IFERROR(INDEX(_xlfn.TEXTSPLIT(_xlfn.XLOOKUP($A10&$B10&$C10,盘货信息!$A:$A&盘货信息!$B:$B&盘货信息!$C:$C,盘货信息!$S:$S),CHAR(10),,TRUE),1,COLUMN(E9)),"")}
A11: =IF(盘货信息!A11="","",盘货信息!A11) | B11: =IF(盘货信息!B11="","",盘货信息!B11) | C11: =IF(盘货信息!C11="","",盘货信息!C11) | D11: =_xlfn.TEXTJOIN(CHAR(10),TRUE,E11:I11) | E11: =_xlfn.LET(_xlpm.A,IF(ISNUMBER(SEARCH("晒单",J11)),"【晒单】"&MID(J11,SEARCH("晒单",J11)+LEN("晒单"),LEN(J11))&"（需晒单后联系客服登记）",IF(ISNUMBER(SEARCH("包修",J11)),"【购机】"&MID(J11,SEARCH("购机",J11)+LEN("购机"),LEN(J11)),IF(ISNUMBER(SEARCH("叠放支架",J11)),"【赠品】"&MID(J11,SEARCH("购机",J11)+LEN("购机"),LEN(J11)),IF(ISNUMBER(SEARCH("秀图",J11)),"【秀图】"&MID(J11,SEARCH("秀图",J11)+LEN("秀图"),LEN(J11)),"")))),IFERROR(LEFT(_xlpm.A,FIND("【",_xlpm.A,FIND("】",_xlpm.A)+1)-1)&MID(_xlpm.A,FIND("】",_xlpm.A,FIND("】",_xlpm.A)+1)+1,LEN(_xlpm.A)),_xlpm.A)) | F11: =_xlfn.LET(_xlpm.A,IF(ISNUMBER(SEARCH("晒单",K11)),"【晒单】"&MID(K11,SEARCH("晒单",K11)+LEN("晒单"),LEN(K11))&"（需晒单后联系客服登记）",IF(ISNUMBER(SEARCH("包修",K11)),"【购机】"&MID(K11,SEARCH("购机",K11)+LEN("购机"),LEN(K11)),IF(ISNUMBER(SEARCH("叠放支架",K11)),"【赠品】"&MID(K11,SEARCH("购机",K11)+LEN("购机"),LEN(K11)),IF(ISNUMBER(SEARCH("秀图",K11)),"【秀图】"&MID(K11,SEARCH("秀图",K11)+LEN("秀图"),LEN(K11)),"")))),IFERROR(LEFT(_xlpm.A,FIND("【",_xlpm.A,FIND("】",_xlpm.A)+1)-1)&MID(_xlpm.A,FIND("】",_xlpm.A,FIND("】",_xlpm.A)+1)+1,LEN(_xlpm.A)),_xlpm.A)) | G11: =_xlfn.LET(_xlpm.A,IF(ISNUMBER(SEARCH("晒单",L11)),"【晒单】"&MID(L11,SEARCH("晒单",L11)+LEN("晒单"),LEN(L11))&"（需晒单后联系客服登记）",IF(ISNUMBER(SEARCH("包修",L11)),"【购机】"&MID(L11,SEARCH("购机",L11)+LEN("购机"),LEN(L11)),IF(ISNUMBER(SEARCH("叠放支架",L11)),"【赠品】"&MID(L11,SEARCH("购机",L11)+LEN("购机"),LEN(L11)),IF(ISNUMBER(SEARCH("秀图",L11)),"【秀图】"&MID(L11,SEARCH("秀图",L11)+LEN("秀图"),LEN(L11)),"")))),IFERROR(LEFT(_xlpm.A,FIND("【",_xlpm.A,FIND("】",_xlpm.A)+1)-1)&MID(_xlpm.A,FIND("】",_xlpm.A,FIND("】",_xlpm.A)+1)+1,LEN(_xlpm.A)),_xlpm.A)) | H11: =_xlfn.LET(_xlpm.A,IF(ISNUMBER(SEARCH("晒单",M11)),"【晒单】"&MID(M11,SEARCH("晒单",M11)+LEN("晒单"),LEN(M11))&"（需晒单后联系客服登记）",IF(ISNUMBER(SEARCH("包修",M11)),"【购机】"&MID(M11,SEARCH("购机",M11)+LEN("购机"),LEN(M11)),IF(ISNUMBER(SEARCH("叠放支架",M11)),"【赠品】"&MID(M11,SEARCH("购机",M11)+LEN("购机"),LEN(M11)),IF(ISNUMBER(SEARCH("秀图",M11)),"【秀图】"&MID(M11,SEARCH("秀图",M11)+LEN("秀图"),LEN(M11)),"")))),IFERROR(LEFT(_xlpm.A,FIND("【",_xlpm.A,FIND("】",_xlpm.A)+1)-1)&MID(_xlpm.A,FIND("】",_xlpm.A,FIND("】",_xlpm.A)+1)+1,LEN(_xlpm.A)),_xlpm.A)) | I11: =_xlfn.LET(_xlpm.A,IF(ISNUMBER(SEARCH("晒单",N11)),"【晒单】"&MID(N11,SEARCH("晒单",N11)+LEN("晒单"),LEN(N11))&"（需晒单后联系客服登记）",IF(ISNUMBER(SEARCH("包修",N11)),"【购机】"&MID(N11,SEARCH("购机",N11)+LEN("购机"),LEN(N11)),IF(ISNUMBER(SEARCH("叠放支架",N11)),"【赠品】"&MID(N11,SEARCH("购机",N11)+LEN("购机"),LEN(N11)),IF(ISNUMBER(SEARCH("秀图",N11)),"【秀图】"&MID(N11,SEARCH("秀图",N11)+LEN("秀图"),LEN(N11)),"")))),IFERROR(LEFT(_xlpm.A,FIND("【",_xlpm.A,FIND("】",_xlpm.A)+1)-1)&MID(_xlpm.A,FIND("】",_xlpm.A,FIND("】",_xlpm.A)+1)+1,LEN(_xlpm.A)),_xlpm.A)) | J11: {=IFERROR(INDEX(_xlfn.TEXTSPLIT(_xlfn.XLOOKUP($A11&$B11&$C11,盘货信息!$A:$A&盘货信息!$B:$B&盘货信息!$C:$C,盘货信息!$S:$S),CHAR(10),,TRUE),1,COLUMN(A10)),"")} | K11: {=IFERROR(INDEX(_xlfn.TEXTSPLIT(_xlfn.XLOOKUP($A11&$B11&$C11,盘货信息!$A:$A&盘货信息!$B:$B&盘货信息!$C:$C,盘货信息!$S:$S),CHAR(10),,TRUE),1,COLUMN(B10)),"")} | L11: {=IFERROR(INDEX(_xlfn.TEXTSPLIT(_xlfn.XLOOKUP($A11&$B11&$C11,盘货信息!$A:$A&盘货信息!$B:$B&盘货信息!$C:$C,盘货信息!$S:$S),CHAR(10),,TRUE),1,COLUMN(C10)),"")} | M11: {=IFERROR(INDEX(_xlfn.TEXTSPLIT(_xlfn.XLOOKUP($A11&$B11&$C11,盘货信息!$A:$A&盘货信息!$B:$B&盘货信息!$C:$C,盘货信息!$S:$S),CHAR(10),,TRUE),1,COLUMN(D10)),"")} | N11: {=IFERROR(INDEX(_xlfn.TEXTSPLIT(_xlfn.XLOOKUP($A11&$B11&$C11,盘货信息!$A:$A&盘货信息!$B:$B&盘货信息!$C:$C,盘货信息!$S:$S),CHAR(10),,TRUE),1,COLUMN(E10)),"")}
A12: =IF(盘货信息!A12="","",盘货信息!A12) | B12: =IF(盘货信息!B12="","",盘货信息!B12) | C12: =IF(盘货信息!C12="","",盘货信息!C12) | D12: =_xlfn.TEXTJOIN(CHAR(10),TRUE,E12:I12) | E12: =_xlfn.LET(_xlpm.A,IF(ISNUMBER(SEARCH("晒单",J12)),"【晒单】"&MID(J12,SEARCH("晒单",J12)+LEN("晒单"),LEN(J12))&"（需晒单后联系客服登记）",IF(ISNUMBER(SEARCH("包修",J12)),"【购机】"&MID(J12,SEARCH("购机",J12)+LEN("购机"),LEN(J12)),IF(ISNUMBER(SEARCH("叠放支架",J12)),"【赠品】"&MID(J12,SEARCH("购机",J12)+LEN("购机"),LEN(J12)),IF(ISNUMBER(SEARCH("秀图",J12)),"【秀图】"&MID(J12,SEARCH("秀图",J12)+LEN("秀图"),LEN(J12)),"")))),IFERROR(LEFT(_xlpm.A,FIND("【",_xlpm.A,FIND("】",_xlpm.A)+1)-1)&MID(_xlpm.A,FIND("】",_xlpm.A,FIND("】",_xlpm.A)+1)+1,LEN(_xlpm.A)),_xlpm.A)) | F12: =_xlfn.LET(_xlpm.A,IF(ISNUMBER(SEARCH("晒单",K12)),"【晒单】"&MID(K12,SEARCH("晒单",K12)+LEN("晒单"),LEN(K12))&"（需晒单后联系客服登记）",IF(ISNUMBER(SEARCH("包修",K12)),"【购机】"&MID(K12,SEARCH("购机",K12)+LEN("购机"),LEN(K12)),IF(ISNUMBER(SEARCH("叠放支架",K12)),"【赠品】"&MID(K12,SEARCH("购机",K12)+LEN("购机"),LEN(K12)),IF(ISNUMBER(SEARCH("秀图",K12)),"【秀图】"&MID(K12,SEARCH("秀图",K12)+LEN("秀图"),LEN(K12)),"")))),IFERROR(LEFT(_xlpm.A,FIND("【",_xlpm.A,FIND("】",_xlpm.A)+1)-1)&MID(_xlpm.A,FIND("】",_xlpm.A,FIND("】",_xlpm.A)+1)+1,LEN(_xlpm.A)),_xlpm.A)) | G12: =_xlfn.LET(_xlpm.A,IF(ISNUMBER(SEARCH("晒单",L12)),"【晒单】"&MID(L12,SEARCH("晒单",L12)+LEN("晒单"),LEN(L12))&"（需晒单后联系客服登记）",IF(ISNUMBER(SEARCH("包修",L12)),"【购机】"&MID(L12,SEARCH("购机",L12)+LEN("购机"),LEN(L12)),IF(ISNUMBER(SEARCH("叠放支架",L12)),"【赠品】"&MID(L12,SEARCH("购机",L12)+LEN("购机"),LEN(L12)),IF(ISNUMBER(SEARCH("秀图",L12)),"【秀图】"&MID(L12,SEARCH("秀图",L12)+LEN("秀图"),LEN(L12)),"")))),IFERROR(LEFT(_xlpm.A,FIND("【",_xlpm.A,FIND("】",_xlpm.A)+1)-1)&MID(_xlpm.A,FIND("】",_xlpm.A,FIND("】",_xlpm.A)+1)+1,LEN(_xlpm.A)),_xlpm.A)) | H12: =_xlfn.LET(_xlpm.A,IF(ISNUMBER(SEARCH("晒单",M12)),"【晒单】"&MID(M12,SEARCH("晒单",M12)+LEN("晒单"),LEN(M12))&"（需晒单后联系客服登记）",IF(ISNUMBER(SEARCH("包修",M12)),"【购机】"&MID(M12,SEARCH("购机",M12)+LEN("购机"),LEN(M12)),IF(ISNUMBER(SEARCH("叠放支架",M12)),"【赠品】"&MID(M12,SEARCH("购机",M12)+LEN("购机"),LEN(M12)),IF(ISNUMBER(SEARCH("秀图",M12)),"【秀图】"&MID(M12,SEARCH("秀图",M12)+LEN("秀图"),LEN(M12)),"")))),IFERROR(LEFT(_xlpm.A,FIND("【",_xlpm.A,FIND("】",_xlpm.A)+1)-1)&MID(_xlpm.A,FIND("】",_xlpm.A,FIND("】",_xlpm.A)+1)+1,LEN(_xlpm.A)),_xlpm.A)) | I12: =_xlfn.LET(_xlpm.A,IF(ISNUMBER(SEARCH("晒单",N12)),"【晒单】"&MID(N12,SEARCH("晒单",N12)+LEN("晒单"),LEN(N12))&"（需晒单后联系客服登记）",IF(ISNUMBER(SEARCH("包修",N12)),"【购机】"&MID(N12,SEARCH("购机",N12)+LEN("购机"),LEN(N12)),IF(ISNUMBER(SEARCH("叠放支架",N12)),"【赠品】"&MID(N12,SEARCH("购机",N12)+LEN("购机"),LEN(N12)),IF(ISNUMBER(SEARCH("秀图",N12)),"【秀图】"&MID(N12,SEARCH("秀图",N12)+LEN("秀图"),LEN(N12)),"")))),IFERROR(LEFT(_xlpm.A,FIND("【",_xlpm.A,FIND("】",_xlpm.A)+1)-1)&MID(_xlpm.A,FIND("】",_xlpm.A,FIND("】",_xlpm.A)+1)+1,LEN(_xlpm.A)),_xlpm.A)) | J12: {=IFERROR(INDEX(_xlfn.TEXTSPLIT(_xlfn.XLOOKUP($A12&$B12&$C12,盘货信息!$A:$A&盘货信息!$B:$B&盘货信息!$C:$C,盘货信息!$S:$S),CHAR(10),,TRUE),1,COLUMN(A11)),"")} | K12: {=IFERROR(INDEX(_xlfn.TEXTSPLIT(_xlfn.XLOOKUP($A12&$B12&$C12,盘货信息!$A:$A&盘货信息!$B:$B&盘货信息!$C:$C,盘货信息!$S:$S),CHAR(10),,TRUE),1,COLUMN(B11)),"")} | L12: {=IFERROR(INDEX(_xlfn.TEXTSPLIT(_xlfn.XLOOKUP($A12&$B12&$C12,盘货信息!$A:$A&盘货信息!$B:$B&盘货信息!$C:$C,盘货信息!$S:$S),CHAR(10),,TRUE),1,COLUMN(C11)),"")} | M12: {=IFERROR(INDEX(_xlfn.TEXTSPLIT(_xlfn.XLOOKUP($A12&$B12&$C12,盘货信息!$A:$A&盘货信息!$B:$B&盘货信息!$C:$C,盘货信息!$S:$S),CHAR(10),,TRUE),1,COLUMN(D11)),"")} | N12: {=IFERROR(INDEX(_xlfn.TEXTSPLIT(_xlfn.XLOOKUP($A12&$B12&$C12,盘货信息!$A:$A&盘货信息!$B:$B&盘货信息!$C:$C,盘货信息!$S:$S),CHAR(10),,TRUE),1,COLUMN(E11)),"")}
A13: =IF(盘货信息!A13="","",盘货信息!A13) | B13: =IF(盘货信息!B13="","",盘货信息!B13) | C13: =IF(盘货信息!C13="","",盘货信息!C13) | D13: =_xlfn.TEXTJOIN(CHAR(10),TRUE,E13:I13) | E13: =_xlfn.LET(_xlpm.A,IF(ISNUMBER(SEARCH("晒单",J13)),"【晒单】"&MID(J13,SEARCH("晒单",J13)+LEN("晒单"),LEN(J13))&"（需晒单后联系客服登记）",IF(ISNUMBER(SEARCH("包修",J13)),"【购机】"&MID(J13,SEARCH("购机",J13)+LEN("购机"),LEN(J13)),IF(ISNUMBER(SEARCH("叠放支架",J13)),"【赠品】"&MID(J13,SEARCH("购机",J13)+LEN("购机"),LEN(J13)),IF(ISNUMBER(SEARCH("秀图",J13)),"【秀图】"&MID(J13,SEARCH("秀图",J13)+LEN("秀图"),LEN(J13)),"")))),IFERROR(LEFT(_xlpm.A,FIND("【",_xlpm.A,FIND("】",_xlpm.A)+1)-1)&MID(_xlpm.A,FIND("】",_xlpm.A,FIND("】",_xlpm.A)+1)+1,LEN(_xlpm.A)),_xlpm.A)) | F13: =_xlfn.LET(_xlpm.A,IF(ISNUMBER(SEARCH("晒单",K13)),"【晒单】"&MID(K13,SEARCH("晒单",K13)+LEN("晒单"),LEN(K13))&"（需晒单后联系客服登记）",IF(ISNUMBER(SEARCH("包修",K13)),"【购机】"&MID(K13,SEARCH("购机",K13)+LEN("购机"),LEN(K13)),IF(ISNUMBER(SEARCH("叠放支架",K13)),"【赠品】"&MID(K13,SEARCH("购机",K13)+LEN("购机"),LEN(K13)),IF(ISNUMBER(SEARCH("秀图",K13)),"【秀图】"&MID(K13,SEARCH("秀图",K13)+LEN("秀图"),LEN(K13)),"")))),IFERROR(LEFT(_xlpm.A,FIND("【",_xlpm.A,FIND("】",_xlpm.A)+1)-1)&MID(_xlpm.A,FIND("】",_xlpm.A,FIND("】",_xlpm.A)+1)+1,LEN(_xlpm.A)),_xlpm.A)) | G13: =_xlfn.LET(_xlpm.A,IF(ISNUMBER(SEARCH("晒单",L13)),"【晒单】"&MID(L13,SEARCH("晒单",L13)+LEN("晒单"),LEN(L13))&"（需晒单后联系客服登记）",IF(ISNUMBER(SEARCH("包修",L13)),"【购机】"&MID(L13,SEARCH("购机",L13)+LEN("购机"),LEN(L13)),IF(ISNUMBER(SEARCH("叠放支架",L13)),"【赠品】"&MID(L13,SEARCH("购机",L13)+LEN("购机"),LEN(L13)),IF(ISNUMBER(SEARCH("秀图",L13)),"【秀图】"&MID(L13,SEARCH("秀图",L13)+LEN("秀图"),LEN(L13)),"")))),IFERROR(LEFT(_xlpm.A,FIND("【",_xlpm.A,FIND("】",_xlpm.A)+1)-1)&MID(_xlpm.A,FIND("】",_xlpm.A,FIND("】",_xlpm.A)+1)+1,LEN(_xlpm.A)),_xlpm.A)) | H13: =_xlfn.LET(_xlpm.A,IF(ISNUMBER(SEARCH("晒单",M13)),"【晒单】"&MID(M13,SEARCH("晒单",M13)+LEN("晒单"),LEN(M13))&"（需晒单后联系客服登记）",IF(ISNUMBER(SEARCH("包修",M13)),"【购机】"&MID(M13,SEARCH("购机",M13)+LEN("购机"),LEN(M13)),IF(ISNUMBER(SEARCH("叠放支架",M13)),"【赠品】"&MID(M13,SEARCH("购机",M13)+LEN("购机"),LEN(M13)),IF(ISNUMBER(SEARCH("秀图",M13)),"【秀图】"&MID(M13,SEARCH("秀图",M13)+LEN("秀图"),LEN(M13)),"")))),IFERROR(LEFT(_xlpm.A,FIND("【",_xlpm.A,FIND("】",_xlpm.A)+1)-1)&MID(_xlpm.A,FIND("】",_xlpm.A,FIND("】",_xlpm.A)+1)+1,LEN(_xlpm.A)),_xlpm.A)) | I13: =_xlfn.LET(_xlpm.A,IF(ISNUMBER(SEARCH("晒单",N13)),"【晒单】"&MID(N13,SEARCH("晒单",N13)+LEN("晒单"),LEN(N13))&"（需晒单后联系客服登记）",IF(ISNUMBER(SEARCH("包修",N13)),"【购机】"&MID(N13,SEARCH("购机",N13)+LEN("购机"),LEN(N13)),IF(ISNUMBER(SEARCH("叠放支架",N13)),"【赠品】"&MID(N13,SEARCH("购机",N13)+LEN("购机"),LEN(N13)),IF(ISNUMBER(SEARCH("秀图",N13)),"【秀图】"&MID(N13,SEARCH("秀图",N13)+LEN("秀图"),LEN(N13)),"")))),IFERROR(LEFT(_xlpm.A,FIND("【",_xlpm.A,FIND("】",_xlpm.A)+1)-1)&MID(_xlpm.A,FIND("】",_xlpm.A,FIND("】",_xlpm.A)+1)+1,LEN(_xlpm.A)),_xlpm.A)) | J13: {=IFERROR(INDEX(_xlfn.TEXTSPLIT(_xlfn.XLOOKUP($A13&$B13&$C13,盘货信息!$A:$A&盘货信息!$B:$B&盘货信息!$C:$C,盘货信息!$S:$S),CHAR(10),,TRUE),1,COLUMN(A12)),"")} | K13: {=IFERROR(INDEX(_xlfn.TEXTSPLIT(_xlfn.XLOOKUP($A13&$B13&$C13,盘货信息!$A:$A&盘货信息!$B:$B&盘货信息!$C:$C,盘货信息!$S:$S),CHAR(10),,TRUE),1,COLUMN(B12)),"")} | L13: {=IFERROR(INDEX(_xlfn.TEXTSPLIT(_xlfn.XLOOKUP($A13&$B13&$C13,盘货信息!$A:$A&盘货信息!$B:$B&盘货信息!$C:$C,盘货信息!$S:$S),CHAR(10),,TRUE),1,COLUMN(C12)),"")} | M13: {=IFERROR(INDEX(_xlfn.TEXTSPLIT(_xlfn.XLOOKUP($A13&$B13&$C13,盘货信息!$A:$A&盘货信息!$B:$B&盘货信息!$C:$C,盘货信息!$S:$S),CHAR(10),,TRUE),1,COLUMN(D12)),"")} | N13: {=IFERROR(INDEX(_xlfn.TEXTSPLIT(_xlfn.XLOOKUP($A13&$B13&$C13,盘货信息!$A:$A&盘货信息!$B:$B&盘货信息!$C:$C,盘货信息!$S:$S),CHAR(10),,TRUE),1,COLUMN(E12)),"")}
A14: =IF(盘货信息!A14="","",盘货信息!A14) | B14: =IF(盘货信息!B14="","",盘货信息!B14) | C14: =IF(盘货信息!C14="","",盘货信息!C14) | D14: =_xlfn.TEXTJOIN(CHAR(10),TRUE,E14:I14) | E14: =_xlfn.LET(_xlpm.A,IF(ISNUMBER(SEARCH("晒单",J14)),"【晒单】"&MID(J14,SEARCH("晒单",J14)+LEN("晒单"),LEN(J14))&"（需晒单后联系客服登记）",IF(ISNUMBER(SEARCH("包修",J14)),"【购机】"&MID(J14,SEARCH("购机",J14)+LEN("购机"),LEN(J14)),IF(ISNUMBER(SEARCH("叠放支架",J14)),"【赠品】"&MID(J14,SEARCH("购机",J14)+LEN("购机"),LEN(J14)),IF(ISNUMBER(SEARCH("秀图",J14)),"【秀图】"&MID(J14,SEARCH("秀图",J14)+LEN("秀图"),LEN(J14)),"")))),IFERROR(LEFT(_xlpm.A,FIND("【",_xlpm.A,FIND("】",_xlpm.A)+1)-1)&MID(_xlpm.A,FIND("】",_xlpm.A,FIND("】",_xlpm.A)+1)+1,LEN(_xlpm.A)),_xlpm.A)) | F14: =_xlfn.LET(_xlpm.A,IF(ISNUMBER(SEARCH("晒单",K14)),"【晒单】"&MID(K14,SEARCH("晒单",K14)+LEN("晒单"),LEN(K14))&"（需晒单后联系客服登记）",IF(ISNUMBER(SEARCH("包修",K14)),"【购机】"&MID(K14,SEARCH("购机",K14)+LEN("购机"),LEN(K14)),IF(ISNUMBER(SEARCH("叠放支架",K14)),"【赠品】"&MID(K14,SEARCH("购机",K14)+LEN("购机"),LEN(K14)),IF(ISNUMBER(SEARCH("秀图",K14)),"【秀图】"&MID(K14,SEARCH("秀图",K14)+LEN("秀图"),LEN(K14)),"")))),IFERROR(LEFT(_xlpm.A,FIND("【",_xlpm.A,FIND("】",_xlpm.A)+1)-1)&MID(_xlpm.A,FIND("】",_xlpm.A,FIND("】",_xlpm.A)+1)+1,LEN(_xlpm.A)),_xlpm.A)) | G14: =_xlfn.LET(_xlpm.A,IF(ISNUMBER(SEARCH("晒单",L14)),"【晒单】"&MID(L14,SEARCH("晒单",L14)+LEN("晒单"),LEN(L14))&"（需晒单后联系客服登记）",IF(ISNUMBER(SEARCH("包修",L14)),"【购机】"&MID(L14,SEARCH("购机",L14)+LEN("购机"),LEN(L14)),IF(ISNUMBER(SEARCH("叠放支架",L14)),"【赠品】"&MID(L14,SEARCH("购机",L14)+LEN("购机"),LEN(L14)),IF(ISNUMBER(SEARCH("秀图",L14)),"【秀图】"&MID(L14,SEARCH("秀图",L14)+LEN("秀图"),LEN(L14)),"")))),IFERROR(LEFT(_xlpm.A,FIND("【",_xlpm.A,FIND("】",_xlpm.A)+1)-1)&MID(_xlpm.A,FIND("】",_xlpm.A,FIND("】",_xlpm.A)+1)+1,LEN(_xlpm.A)),_xlpm.A)) | H14: =_xlfn.LET(_xlpm.A,IF(ISNUMBER(SEARCH("晒单",M14)),"【晒单】"&MID(M14,SEARCH("晒单",M14)+LEN("晒单"),LEN(M14))&"（需晒单后联系客服登记）",IF(ISNUMBER(SEARCH("包修",M14)),"【购机】"&MID(M14,SEARCH("购机",M14)+LEN("购机"),LEN(M14)),IF(ISNUMBER(SEARCH("叠放支架",M14)),"【赠品】"&MID(M14,SEARCH("购机",M14)+LEN("购机"),LEN(M14)),IF(ISNUMBER(SEARCH("秀图",M14)),"【秀图】"&MID(M14,SEARCH("秀图",M14)+LEN("秀图"),LEN(M14)),"")))),IFERROR(LEFT(_xlpm.A,FIND("【",_xlpm.A,FIND("】",_xlpm.A)+1)-1)&MID(_xlpm.A,FIND("】",_xlpm.A,FIND("】",_xlpm.A)+1)+1,LEN(_xlpm.A)),_xlpm.A)) | I14: =_xlfn.LET(_xlpm.A,IF(ISNUMBER(SEARCH("晒单",N14)),"【晒单】"&MID(N14,SEARCH("晒单",N14)+LEN("晒单"),LEN(N14))&"（需晒单后联系客服登记）",IF(ISNUMBER(SEARCH("包修",N14)),"【购机】"&MID(N14,SEARCH("购机",N14)+LEN("购机"),LEN(N14)),IF(ISNUMBER(SEARCH("叠放支架",N14)),"【赠品】"&MID(N14,SEARCH("购机",N14)+LEN("购机"),LEN(N14)),IF(ISNUMBER(SEARCH("秀图",N14)),"【秀图】"&MID(N14,SEARCH("秀图",N14)+LEN("秀图"),LEN(N14)),"")))),IFERROR(LEFT(_xlpm.A,FIND("【",_xlpm.A,FIND("】",_xlpm.A)+1)-1)&MID(_xlpm.A,FIND("】",_xlpm.A,FIND("】",_xlpm.A)+1)+1,LEN(_xlpm.A)),_xlpm.A)) | J14: {=IFERROR(INDEX(_xlfn.TEXTSPLIT(_xlfn.XLOOKUP($A14&$B14&$C14,盘货信息!$A:$A&盘货信息!$B:$B&盘货信息!$C:$C,盘货信息!$S:$S),CHAR(10),,TRUE),1,COLUMN(A13)),"")} | K14: {=IFERROR(INDEX(_xlfn.TEXTSPLIT(_xlfn.XLOOKUP($A14&$B14&$C14,盘货信息!$A:$A&盘货信息!$B:$B&盘货信息!$C:$C,盘货信息!$S:$S),CHAR(10),,TRUE),1,COLUMN(B13)),"")} | L14: {=IFERROR(INDEX(_xlfn.TEXTSPLIT(_xlfn.XLOOKUP($A14&$B14&$C14,盘货信息!$A:$A&盘货信息!$B:$B&盘货信息!$C:$C,盘货信息!$S:$S),CHAR(10),,TRUE),1,COLUMN(C13)),"")} | M14: {=IFERROR(INDEX(_xlfn.TEXTSPLIT(_xlfn.XLOOKUP($A14&$B14&$C14,盘货信息!$A:$A&盘货信息!$B:$B&盘货信息!$C:$C,盘货信息!$S:$S),CHAR(10),,TRUE),1,COLUMN(D13)),"")} | N14: {=IFERROR(INDEX(_xlfn.TEXTSPLIT(_xlfn.XLOOKUP($A14&$B14&$C14,盘货信息!$A:$A&盘货信息!$B:$B&盘货信息!$C:$C,盘货信息!$S:$S),CHAR(10),,TRUE),1,COLUMN(E13)),"")}
... A501: =IF(盘货信息!A501="","",盘货信息!A501) | B501: =IF(盘货信息!B501="","",盘货信息!B501) | C501: =IF(盘货信息!C501="","",盘货信息!C501) | D501: =_xlfn.TEXTJOIN(CHAR(10),TRUE,E501:I501) | E501: =_xlfn.LET(_xlpm.A,IF(ISNUMBER(SEARCH("晒单",J501)),"【晒单】"&MID(J501,SEARCH("晒单",J501)+LEN("晒单"),LEN(J501))&"（需晒单后联系客服登记）",IF(ISNUMBER(SEARCH("包修",J501)),"【购机】"&MID(J501,SEARCH("购机",J501)+LEN("购机"),LEN(J501)),IF(ISNUMBER(SEARCH("叠放支架",J501)),"【赠品】"&MID(J501,SEARCH("购机",J501)+LEN("购机"),LEN(J501)),IF(ISNUMBER(SEARCH("秀图",J501)),"【秀图】"&MID(J501,SEARCH("秀图",J501)+LEN("秀图"),LEN(J501)),"")))),IFERROR(LEFT(_xlpm.A,FIND("【",_xlpm.A,FIND("】",_xlpm.A)+1)-1)&MID(_xlpm.A,FIND("】",_xlpm.A,FIND("】",_xlpm.A)+1)+1,LEN(_xlpm.A)),_xlpm.A)) | F501: =_xlfn.LET(_xlpm.A,IF(ISNUMBER(SEARCH("晒单",K501)),"【晒单】"&MID(K501,SEARCH("晒单",K501)+LEN("晒单"),LEN(K501))&"（需晒单后联系客服登记）",IF(ISNUMBER(SEARCH("包修",K501)),"【购机】"&MID(K501,SEARCH("购机",K501)+LEN("购机"),LEN(K501)),IF(ISNUMBER(SEARCH("叠放支架",K501)),"【赠品】"&MID(K501,SEARCH("购机",K501)+LEN("购机"),LEN(K501)),IF(ISNUMBER(SEARCH("秀图",K501)),"【秀图】"&MID(K501,SEARCH("秀图",K501)+LEN("秀图"),LEN(K501)),"")))),IFERROR(LEFT(_xlpm.A,FIND("【",_xlpm.A,FIND("】",_xlpm.A)+1)-1)&MID(_xlpm.A,FIND("】",_xlpm.A,FIND("】",_xlpm.A)+1)+1,LEN(_xlpm.A)),_xlpm.A)) | G501: =_xlfn.LET(_xlpm.A,IF(ISNUMBER(SEARCH("晒单",L501)),"【晒单】"&MID(L501,SEARCH("晒单",L501)+LEN("晒单"),LEN(L501))&"（需晒单后联系客服登记）",IF(ISNUMBER(SEARCH("包修",L501)),"【购机】"&MID(L501,SEARCH("购机",L501)+LEN("购机"),LEN(L501)),IF(ISNUMBER(SEARCH("叠放支架",L501)),"【赠品】"&MID(L501,SEARCH("购机",L501)+LEN("购机"),LEN(L501)),IF(ISNUMBER(SEARCH("秀图",L501)),"【秀图】"&MID(L501,SEARCH("秀图",L501)+LEN("秀图"),LEN(L501)),"")))),IFERROR(LEFT(_xlpm.A,FIND("【",_xlpm.A,FIND("】",_xlpm.A)+1)-1)&MID(_xlpm.A,FIND("】",_xlpm.A,FIND("】",_xlpm.A)+1)+1,LEN(_xlpm.A)),_xlpm.A)) | H501: =_xlfn.LET(_xlpm.A,IF(ISNUMBER(SEARCH("晒单",M501)),"【晒单】"&MID(M501,SEARCH("晒单",M501)+LEN("晒单"),LEN(M501))&"（需晒单后联系客服登记）",IF(ISNUMBER(SEARCH("包修",M501)),"【购机】"&MID(M501,SEARCH("购机",M501)+LEN("购机"),LEN(M501)),IF(ISNUMBER(SEARCH("叠放支架",M501)),"【赠品】"&MID(M501,SEARCH("购机",M501)+LEN("购机"),LEN(M501)),IF(ISNUMBER(SEARCH("秀图",M501)),"【秀图】"&MID(M501,SEARCH("秀图",M501)+LEN("秀图"),LEN(M501)),"")))),IFERROR(LEFT(_xlpm.A,FIND("【",_xlpm.A,FIND("】",_xlpm.A)+1)-1)&MID(_xlpm.A,FIND("】",_xlpm.A,FIND("】",_xlpm.A)+1)+1,LEN(_xlpm.A)),_xlpm.A)) | I501: =_xlfn.LET(_xlpm.A,IF(ISNUMBER(SEARCH("晒单",N501)),"【晒单】"&MID(N501,SEARCH("晒单",N501)+LEN("晒单"),LEN(N501))&"（需晒单后联系客服登记）",IF(ISNUMBER(SEARCH("包修",N501)),"【购机】"&MID(N501,SEARCH("购机",N501)+LEN("购机"),LEN(N501)),IF(ISNUMBER(SEARCH("叠放支架",N501)),"【赠品】"&MID(N501,SEARCH("购机",N501)+LEN("购机"),LEN(N501)),IF(ISNUMBER(SEARCH("秀图",N501)),"【秀图】"&MID(N501,SEARCH("秀图",N501)+LEN("秀图"),LEN(N501)),"")))),IFERROR(LEFT(_xlpm.A,FIND("【",_xlpm.A,FIND("】",_xlpm.A)+1)-1)&MID(_xlpm.A,FIND("】",_xlpm.A,FIND("】",_xlpm.A)+1)+1,LEN(_xlpm.A)),_xlpm.A)) | J501: {=IFERROR(INDEX(_xlfn.TEXTSPLIT(_xlfn.XLOOKUP($A501&$B501&$C501,盘货信息!$A:$A&盘货信息!$B:$B&盘货信息!$C:$C,盘货信息!$S:$S),CHAR(10),,TRUE),1,COLUMN(A500)),"")} | K501: {=IFERROR(INDEX(_xlfn.TEXTSPLIT(_xlfn.XLOOKUP($A501&$B501&$C501,盘货信息!$A:$A&盘货信息!$B:$B&盘货信息!$C:$C,盘货信息!$S:$S),CHAR(10),,TRUE),1,COLUMN(B500)),"")} | L501: {=IFERROR(INDEX(_xlfn.TEXTSPLIT(_xlfn.XLOOKUP($A501&$B501&$C501,盘货信息!$A:$A&盘货信息!$B:$B&盘货信息!$C:$C,盘货信息!$S:$S),CHAR(10),,TRUE),1,COLUMN(C500)),"")} | M501: {=IFERROR(INDEX(_xlfn.TEXTSPLIT(_xlfn.XLOOKUP($A501&$B501&$C501,盘货信息!$A:$A&盘货信息!$B:$B&盘货信息!$C:$C,盘货信息!$S:$S),CHAR(10),,TRUE),1,COLUMN(D500)),"")} | N501: {=IFERROR(INDEX(_xlfn.TEXTSPLIT(_xlfn.XLOOKUP($A501&$B501&$C501,盘货信息!$A:$A&盘货信息!$B:$B&盘货信息!$C:$C,盘货信息!$S:$S),CHAR(10),,TRUE),1,COLUMN(E500)),"")}

Sheet 天条
C1: 双文 | G1: 67 | J1: 岚歌
B2: 话术标准模版（后面到品类未修改到手价） | C2: 冰箱 | D2: 洗衣机 | E2: 空调 | F2: 热水器 | G2: 彩电 | H2: 厨电 | I2: 净水 | J2: 冷柜 | K2: 洗碗机 | L2: 小家电
B3: "1.活动氛围/型号/活动时间 ————————————— 2.价格类：（限时价格需要拆分时间-热水器） 【焕新补贴预估价**元】=**元到手价-**元限时补贴-**元惊喜立减-**元以旧换新 -**元88VIP立减-**元消费券-***元优惠券/会员券-**元预估焕新补贴【全民可用、不限地址】 消费券链接： 优惠券链接： （2）【全民可用**】不需要漏立减价，只露出焕新价就可以 非【全民可用】需要露出立减价+焕新价+88viP立减 ————————————— 3.单品活动： 【优惠券】-领**元优惠券下单更优惠+链接（不包含预估到手价的卷） 【惊喜】咨询客服领**元专属权益 【以旧换新】-至高补贴**元（可无旧机换新） 【限时/拉通】-购机送红包/赠品；限时包含时间段 【晒单】- 【秀图】- 【种草】-站外带指定话题种草后返50元红包 【逛逛】- 【厨电套购】- 【老带新】- 【厨改】- 【延保】-秀图送压缩机包修至十年 ————————————— 4.全店活动 【瓜分】-购机瓜分50万元红包（单ID上限100元） 【折扣】-指定型号满2类享96折，满3类享94折——主图漏/【参与折扣】——盘活不漏 【红包】-活动时间购机送240元 【卡萨帝送赠】活动时间购机送空气炸锅HA-JL30D ————————————— 5.服务： 【服务】-6期免息，保价618 【测量】-免费上门测量 【拆旧】-免拆旧费实际后返**元红包 【安装】-热水器全免安装/249安装/免定额安装费 【只换不修】-365天只换不修（下单自带0元购）" | C3: 提前嗨购618，焕新补贴惠万家 【BCD-481WGHFDB9S9U1】冰箱 【活动时间：5月12日00:00-5月20日23:59】 ————————————— 【1元预约锁好礼】https://s.tb.cn/C.cb8XVh 【焕新补贴预估价3178元】=**元到手价-**元限时补贴-**元惊喜立减-**元以旧换新 -**元88VIP立减-**元消费券-（焕新补贴）【民可用、不限地址】 消费券链接： 优惠券链接： ————————————— 【秀图】赠压缩机延保至十年 ————————————— 【折扣】指定型号满2类享96折，满3类享94折 【瓜分】购机瓜分50万元红包（单ID上限100元） ————————————— 【服务】保价618，送货入户，退换免运费 第一个价格为：普惠立减到手价。包含消费券、88VIP优惠、优惠券 入户，退换免运费
B4: 补充点 | E4: 自带保修 放在【服务】，延长保修时间放在【延保】 | F4: 有爆量价格【瓜分】不写，如果活动时间不是全周期需写明瓜分时间段； | I4: 促销岗：：加一个单品的套装购话术 | L4: 共享排名——放在单品活动【共享排名】*型号（型号多就指定型号**） 促销岗：单品单独加一个共享排名话术
B5: 延保说明 | C5: 【延保】秀图送压缩机延保至十年； 【服务】整机保修1年，主要零部件3年 | D5: 【延保】晒单送电机延至10年包修 【服务】家用机整机包修3年，公用机整机包修3个月（主要零部件1年） | E5: 【延保】晒单送10年包修（自带6年+送4年共10年） 【服务】整机包修6年 | F5: / | G5: 【延保】购机赠原厂延保1年(含碎屏） 【服务】整机保修1年，主要零部件3年 | H5: / | I5: 【延保】下单加赠质保至5年（加赠2年） 【服务】保修3年，商用保修3个月 | J5: 【延保】购机送压缩机延保至10年 【服务】冰吧，冷柜，酒柜整机保修1年，主要零部件保修3年 | K5: /
D6: 三桶： 【延保】购机送电机延保至10年保修（洗衣机和干衣机都送） 【服务】购机享三年整机包修
